SET FOREIGN_KEY_CHECKS=0;

-- Structure for table `users` --
DROP TABLE IF EXISTS `users`;
CREATE TABLE `users` (`id` int(11) NOT NULL AUTO_INCREMENT PRIMARY KEY not null, `name` varchar(255) not null, `email` varchar(255) not null, `email_verified_at` timestamp NULL DEFAULT NULL, `password` varchar(255) not null, `remember_token` varchar(255), `created_at` timestamp NULL DEFAULT NULL, `updated_at` timestamp NULL DEFAULT NULL, `role` varchar(255) not null default 'staff', `profile_photo_path` varchar(255));

-- Data for table `users` --
INSERT INTO `users` (`id`, `name`, `email`, `email_verified_at`, `password`, `remember_token`, `created_at`, `updated_at`, `role`, `profile_photo_path`) VALUES ('1', 'Rosevilla Admin', 'admin@rosevilla.com', '2026-01-12 11:03:25', '$2y$12$MMWTms/UhevFABCQNaMLluOSKpARlw4.GxQedk/Ey1sijfg2q84ju', NULL, '2026-01-12 11:03:25', '2026-01-25 02:31:50', 'admin', 'profile-photos/pL3Vw51hX8HXYurfSfcEeMiOF2SR2ZiiX33HvXLM.png');
INSERT INTO `users` (`id`, `name`, `email`, `email_verified_at`, `password`, `remember_token`, `created_at`, `updated_at`, `role`, `profile_photo_path`) VALUES ('11', 'staff', 'staff@rosevilla.com', NULL, '$2y$12$iwlwTq.X2ELUQi9wXRehBu2hJ3tSyUo9sK/SCZ2QSoBXnv8/422PC', NULL, '2026-01-17 12:26:07', '2026-01-25 17:00:16', 'staff', 'profile-photos/KnOuuSknt349lxtDthHc6k5KgkTxZJwTjGh6WGLE.jpg');
INSERT INTO `users` (`id`, `name`, `email`, `email_verified_at`, `password`, `remember_token`, `created_at`, `updated_at`, `role`, `profile_photo_path`) VALUES ('12', 'acc', 'acc@rosevilla.com', NULL, '$2y$12$2oYZyWGPc43F9m0UwUXS/uQS33EuDxuqhbuxMmaaHk7h1gmLKdQPC', NULL, '2026-01-17 14:33:54', '2026-01-25 16:57:08', 'accountant', 'profile-photos/TX43eC0SU2ojKm2DoBbuzpNL1UPu5Fkj7i3IoPtm.jpg');

-- Structure for table `password_reset_tokens` --
DROP TABLE IF EXISTS `password_reset_tokens`;
CREATE TABLE `password_reset_tokens` (`email` varchar(255) not null, `token` varchar(255) not null, `created_at` timestamp NULL DEFAULT NULL, primary key (`email`));

-- Structure for table `sessions` --
DROP TABLE IF EXISTS `sessions`;
CREATE TABLE `sessions` (`id` varchar(255) not null, `user_id` integer, `ip_address` varchar(255), `user_agent` longtext, `payload` longtext not null, `last_activity` integer not null, primary key (`id`));

-- Data for table `sessions` --
INSERT INTO `sessions` (`id`, `user_id`, `ip_address`, `user_agent`, `payload`, `last_activity`) VALUES ('HV9wq1cWRXbfNcSjJF2hroKT7wU3iA3C6StycgSJ', '11', '127.0.0.1', 'Mozilla/5.0 (Windows NT 10.0; Win64; x64; rv:147.0) Gecko/20100101 Firefox/147.0', 'YTo0OntzOjY6Il90b2tlbiI7czo0MDoiTUpkdFFwMWtjWktFRkFvUFcweGh6cjlZZWkyYzNMY2NkdDBES0FKeiI7czo2OiJfZmxhc2giO2E6Mjp7czozOiJvbGQiO2E6MDp7fXM6MzoibmV3IjthOjA6e319czo5OiJfcHJldmlvdXMiO2E6Mjp7czozOiJ1cmwiO3M6MjE6Imh0dHA6Ly8xMjcuMC4wLjE6ODAwMCI7czo1OiJyb3V0ZSI7czo0OiJob21lIjt9czo1MDoibG9naW5fd2ViXzU5YmEzNmFkZGMyYjJmOTQwMTU4MGYwMTRjN2Y1OGVhNGUzMDk4OWQiO2k6MTE7fQ==', '1769360522');
INSERT INTO `sessions` (`id`, `user_id`, `ip_address`, `user_agent`, `payload`, `last_activity`) VALUES ('wz6vrdLxQdMUto0eJkEHpJQa1eM2GJeMhLIzSGuz', '1', '127.0.0.1', 'Mozilla/5.0 (Windows NT 10.0; Win64; x64) AppleWebKit/537.36 (KHTML, like Gecko) Chrome/144.0.0.0 Safari/537.36 Edg/144.0.0.0', 'YTo0OntzOjY6Il90b2tlbiI7czo0MDoiMjF5a2Jpd3RWRkNkNlM2NXdzd1dQOEMxVEpNSkdnVDFPZmVyN0hobyI7czo5OiJfcHJldmlvdXMiO2E6Mjp7czozOiJ1cmwiO3M6MzE6Imh0dHA6Ly8xMjcuMC4wLjE6ODAwMC9kYXNoYm9hcmQiO3M6NToicm91dGUiO3M6OToiZGFzaGJvYXJkIjt9czo2OiJfZmxhc2giO2E6Mjp7czozOiJvbGQiO2E6MDp7fXM6MzoibmV3IjthOjA6e319czo1MDoibG9naW5fd2ViXzU5YmEzNmFkZGMyYjJmOTQwMTU4MGYwMTRjN2Y1OGVhNGUzMDk4OWQiO2k6MTt9', '1769360460');
INSERT INTO `sessions` (`id`, `user_id`, `ip_address`, `user_agent`, `payload`, `last_activity`) VALUES ('sWRArncYFa9np1wGWIlBxVv4qkrVLVWbf8xxwAwQ', '12', '127.0.0.1', 'Mozilla/5.0 (Windows NT 10.0; Win64; x64) AppleWebKit/537.36 (KHTML, like Gecko) Chrome/144.0.0.0 Safari/537.36 Edg/144.0.0.0', 'YTo1OntzOjY6Il90b2tlbiI7czo0MDoidjdaNE5CUmk5WGhTZEloWndrTTlFZ3RadWcxQWs1YUJNNHJwS0l0biI7czozOiJ1cmwiO2E6MDp7fXM6OToiX3ByZXZpb3VzIjthOjI6e3M6MzoidXJsIjtzOjI5OiJodHRwOi8vMTI3LjAuMC4xOjgwMDAvcHJvZmlsZSI7czo1OiJyb3V0ZSI7czoxMjoicHJvZmlsZS5lZGl0Ijt9czo2OiJfZmxhc2giO2E6Mjp7czozOiJvbGQiO2E6MDp7fXM6MzoibmV3IjthOjA6e319czo1MDoibG9naW5fd2ViXzU5YmEzNmFkZGMyYjJmOTQwMTU4MGYwMTRjN2Y1OGVhNGUzMDk4OWQiO2k6MTI7fQ==', '1769360331');
INSERT INTO `sessions` (`id`, `user_id`, `ip_address`, `user_agent`, `payload`, `last_activity`) VALUES ('OKlYg0z7U4pVATQtFjEqQcwCSur5D1ug1dB5bjiX', NULL, '127.0.0.1', 'Mozilla/5.0 (Windows NT 10.0; Win64; x64; rv:147.0) Gecko/20100101 Firefox/147.0', 'YTozOntzOjY6Il90b2tlbiI7czo0MDoiU2UxQjlZRDRXdGx2a3ltSHYwZVJDMVRiUmVmQTFnWE9OS3cxSG50SCI7czo5OiJfcHJldmlvdXMiO2E6Mjp7czozOiJ1cmwiO3M6MjE6Imh0dHA6Ly8xMjcuMC4wLjE6ODAwMCI7czo1OiJyb3V0ZSI7czo0OiJob21lIjt9czo2OiJfZmxhc2giO2E6Mjp7czozOiJvbGQiO2E6MDp7fXM6MzoibmV3IjthOjA6e319fQ==', '1769392521');
INSERT INTO `sessions` (`id`, `user_id`, `ip_address`, `user_agent`, `payload`, `last_activity`) VALUES ('pinTjflOBm4D6QCgfCEtTBPG2AR6vzqf1WzAVwyU', NULL, '127.0.0.1', 'Mozilla/5.0 (Windows NT 10.0; Win64; x64; rv:147.0) Gecko/20100101 Firefox/147.0', 'YTozOntzOjY6Il90b2tlbiI7czo0MDoialBtOE1vNGo1ZUJVWDJGSVcxbHZaS0VUOEVWQmszNUxCOTRveUM1QiI7czo5OiJfcHJldmlvdXMiO2E6Mjp7czozOiJ1cmwiO3M6MjE6Imh0dHA6Ly8xMjcuMC4wLjE6ODAwMCI7czo1OiJyb3V0ZSI7czo0OiJob21lIjt9czo2OiJfZmxhc2giO2E6Mjp7czozOiJvbGQiO2E6MDp7fXM6MzoibmV3IjthOjA6e319fQ==', '1769398957');
INSERT INTO `sessions` (`id`, `user_id`, `ip_address`, `user_agent`, `payload`, `last_activity`) VALUES ('63VzudRLfu6TDR1qiwbsLKYKOhH3vjKAzWc4nZuC', '1', '127.0.0.1', 'Mozilla/5.0 (Windows NT 10.0; Win64; x64; rv:147.0) Gecko/20100101 Firefox/147.0', 'YTo0OntzOjY6Il90b2tlbiI7czo0MDoiQVNMT1hVeDlXRU1pTkNxWnlKejR1TEpRSWpvZWg1Tng3SkZjZ0pCdCI7czo5OiJfcHJldmlvdXMiO2E6Mjp7czozOiJ1cmwiO3M6NDA6Imh0dHA6Ly8xMjcuMC4wLjE6ODAwMC9hZG1pbi9yZXNlcnZhdGlvbnMiO3M6NToicm91dGUiO3M6MjQ6ImFkbWluLnJlc2VydmF0aW9ucy5pbmRleCI7fXM6NjoiX2ZsYXNoIjthOjI6e3M6Mzoib2xkIjthOjA6e31zOjM6Im5ldyI7YTowOnt9fXM6NTA6ImxvZ2luX3dlYl81OWJhMzZhZGRjMmIyZjk0MDE1ODBmMDE0YzdmNThlYTRlMzA5ODlkIjtpOjE7fQ==', '1769394068');

-- Structure for table `cache` --
DROP TABLE IF EXISTS `cache`;
CREATE TABLE `cache` (`key` varchar(255) not null, `value` longtext not null, `expiration` integer not null, primary key (`key`));

-- Structure for table `cache_locks` --
DROP TABLE IF EXISTS `cache_locks`;
CREATE TABLE `cache_locks` (`key` varchar(255) not null, `owner` varchar(255) not null, `expiration` integer not null, primary key (`key`));

-- Structure for table `jobs` --
DROP TABLE IF EXISTS `jobs`;
CREATE TABLE `jobs` (`id` int(11) NOT NULL AUTO_INCREMENT PRIMARY KEY not null, `queue` varchar(255) not null, `payload` longtext not null, `attempts` integer not null, `reserved_at` integer, `available_at` integer not null, `created_at` integer not null);

-- Structure for table `job_batches` --
DROP TABLE IF EXISTS `job_batches`;
CREATE TABLE `job_batches` (`id` varchar(255) not null, `name` varchar(255) not null, `total_jobs` integer not null, `pending_jobs` integer not null, `failed_jobs` integer not null, `failed_job_ids` longtext not null, `options` longtext, `cancelled_at` integer, `created_at` integer not null, `finished_at` integer, primary key (`id`));

-- Structure for table `failed_jobs` --
DROP TABLE IF EXISTS `failed_jobs`;
CREATE TABLE `failed_jobs` (`id` int(11) NOT NULL AUTO_INCREMENT PRIMARY KEY not null, `uuid` varchar(255) not null, `connection` longtext not null, `queue` longtext not null, `payload` longtext not null, `exception` longtext not null, `failed_at` timestamp NULL DEFAULT NULL not null default CURRENT_TIMESTAMP);

-- Structure for table `rooms` --
DROP TABLE IF EXISTS `rooms`;
CREATE TABLE `rooms` (`id` int(11) NOT NULL AUTO_INCREMENT PRIMARY KEY not null, `title` varchar(255) not null, `slug` varchar(255) not null, `subtitle` varchar(255), `description` longtext, `amenities` longtext, `price_per_night` decimal(15,2) not null default '0', `capacity` integer not null default '2', `bed_type` varchar(255), `featured_image` varchar(255), `gallery_urls` longtext, `is_active` tinyint(1) not null default '1', `created_at` timestamp NULL DEFAULT NULL, `updated_at` timestamp NULL DEFAULT NULL);

-- Data for table `rooms` --
INSERT INTO `rooms` (`id`, `title`, `slug`, `subtitle`, `description`, `amenities`, `price_per_night`, `capacity`, `bed_type`, `featured_image`, `gallery_urls`, `is_active`, `created_at`, `updated_at`) VALUES ('1', 'Heritage Suite', 'heritage-suite', 'Handcrafted teak interiors overlooking the courtyard', 'Soak in calm Jaffna mornings from a canopy bed, with brass fixtures, handwoven linens, and a private sit-out that spills onto the garden.', '[\"King canopy bed\",\"Ensuite rain shower\",\"Private verandah with courtyard view\",\"Breakfast with heritage recipes\"]', '55500', '3', 'King + daybed', 'https://rosevillaheritagehomes.com/wp-content/uploads/2025/05/Things-to-do-Jaffna-Sri-lanka-nature-pool-648x810-1.jpg', '[\"https:\\/\\/rosevillaheritagehomes.com\\/wp-content\\/uploads\\/2025\\/05\\/WhatsApp-Image-2024-08-31-at-4.16.49-PM.jpeg\",\"https:\\/\\/rosevillaheritagehomes.com\\/wp-content\\/uploads\\/2025\\/05\\/WhatsApp-Image-2024-08-08-at-5.40.14-PM.jpeg\",\"https:\\/\\/rosevillaheritagehomes.com\\/wp-content\\/uploads\\/2025\\/05\\/Fj2DQHfUoAApqX01-1024x868.jpg\"]', '1', '2026-01-12 11:03:26', '2026-01-12 11:03:26');
INSERT INTO `rooms` (`id`, `title`, `slug`, `subtitle`, `description`, `amenities`, `price_per_night`, `capacity`, `bed_type`, `featured_image`, `gallery_urls`, `is_active`, `created_at`, `updated_at`) VALUES ('2', 'Garden Villa', 'garden-villa', 'Sunlit suite surrounded by palms and frangipani', 'Open your doors to birdsong and a lush courtyard. Ideal for slow days, hammock lounging, and dinners under lantern-lit pergolas.', '[\"Queen bed + optional twin\",\"Outdoor seating nook\",\"Herbal welcome drink\",\"Complimentary bicycles\"]', '46500', '3', 'Queen + twin', 'https://rosevillaheritagehomes.com/wp-content/uploads/2025/05/Fj2DQHfUoAApqX01.jpg', '[\"https:\\/\\/rosevillaheritagehomes.com\\/wp-content\\/uploads\\/2025\\/05\\/WhatsApp-Image-2024-08-08-at-5.40.15-PM.jpeg\",\"https:\\/\\/rosevillaheritagehomes.com\\/wp-content\\/uploads\\/2025\\/05\\/WhatsApp-Image-2024-08-07-at-6.45.39-PM.jpeg\",\"https:\\/\\/rosevillaheritagehomes.com\\/wp-content\\/uploads\\/2025\\/05\\/WhatsApp-Image-2024-08-07-at-6.45.39-PM2.jpeg\"]', '1', '2026-01-12 11:03:26', '2026-01-12 11:03:26');
INSERT INTO `rooms` (`id`, `title`, `slug`, `subtitle`, `description`, `amenities`, `price_per_night`, `capacity`, `bed_type`, `featured_image`, `gallery_urls`, `is_active`, `created_at`, `updated_at`) VALUES ('3', 'ttt', '3333', 'rrrr', NULL, '[]', '8000', '2', NULL, 'rooms/nigXiUCPL4JOJJ8SPxtkw76OGZobIKQOVnmcbfHD.gif', '[\"rooms\\/gallery\\/bGzA4Ur5Ls3JoNNP1JWfyIgMxpaYAY1FUfpUzxXY.png\",\"rooms\\/gallery\\/I0ew51CF21G3ic2kwB7hwdUrjBTOIjeOJ3ZZPx9t.png\",\"rooms\\/gallery\\/EqsnSPdVbcvujjYmmBcL3SzIPZBhPjqzgcdkvKtk.jpg\"]', '1', '2026-01-13 12:50:29', '2026-01-15 15:12:54');

-- Structure for table `reviews` --
DROP TABLE IF EXISTS `reviews`;
CREATE TABLE `reviews` (`id` int(11) NOT NULL AUTO_INCREMENT PRIMARY KEY not null, `guest_name` varchar(255) not null, `rating` integer not null default '5', `comment` longtext not null, `source` varchar(255), `is_published` tinyint(1) not null default '1', `created_at` timestamp NULL DEFAULT NULL, `updated_at` timestamp NULL DEFAULT NULL);

-- Data for table `reviews` --
INSERT INTO `reviews` (`id`, `guest_name`, `rating`, `comment`, `source`, `is_published`, `created_at`, `updated_at`) VALUES ('1', 'Meena & Arjun', '4', 'Warm, gracious hosts. The heritage suite felt like a private sanctuary and breakfast was phenomenal.', 'Google', '1', '2026-01-12 11:03:26', '2026-01-16 13:45:08');
INSERT INTO `reviews` (`id`, `guest_name`, `rating`, `comment`, `source`, `is_published`, `created_at`, `updated_at`) VALUES ('2', 'Sophia L.', '5', 'Loved the quiet gardens, the curated Jaffna experiences, and the gentle service. A true boutique gem.', 'Direct Booking', '1', '2026-01-12 11:03:26', '2026-01-12 11:03:26');
INSERT INTO `reviews` (`id`, `guest_name`, `rating`, `comment`, `source`, `is_published`, `created_at`, `updated_at`) VALUES ('4', 'thanushan', '5', 'ஜப்பன குட்டி', 'sillaraiyai sithara vittaar', '1', '2026-01-25 11:39:07', '2026-01-25 11:39:07');
INSERT INTO `reviews` (`id`, `guest_name`, `rating`, `comment`, `source`, `is_published`, `created_at`, `updated_at`) VALUES ('5', 'ffffff', '5', 'fsdfsd', 'ttttt', '1', '2026-01-25 17:01:41', '2026-01-25 17:01:41');

-- Structure for table `gallery_images` --
DROP TABLE IF EXISTS `gallery_images`;
CREATE TABLE `gallery_images` (`id` int(11) NOT NULL AUTO_INCREMENT PRIMARY KEY not null, `title` varchar(255) not null, `category` varchar(255) not null default 'villa', `image_url` varchar(255) not null, `description` longtext, `is_featured` tinyint(1) not null default '0', `created_at` timestamp NULL DEFAULT NULL, `updated_at` timestamp NULL DEFAULT NULL);

-- Data for table `gallery_images` --
INSERT INTO `gallery_images` (`id`, `title`, `category`, `image_url`, `description`, `is_featured`, `created_at`, `updated_at`) VALUES ('1', 'Poolside dawn', 'villaaa', 'https://rosevillaheritagehomes.com/wp-content/uploads/2025/05/Things-to-do-Jaffna-Sri-lanka-nature-pool-648x810-1.jpg', 'Morning light across the courtyard pool.', '1', '2026-01-12 11:03:26', '2026-01-16 13:44:40');
INSERT INTO `gallery_images` (`id`, `title`, `category`, `image_url`, `description`, `is_featured`, `created_at`, `updated_at`) VALUES ('2', 'Garden archways', 'villa', 'https://rosevillaheritagehomes.com/wp-content/uploads/2025/05/Fj2DQHfUoAApqX01-1024x868.jpg', 'Shaded corridors framed by palms.', '0', '2026-01-12 11:03:26', '2026-01-12 11:03:26');
INSERT INTO `gallery_images` (`id`, `title`, `category`, `image_url`, `description`, `is_featured`, `created_at`, `updated_at`) VALUES ('3', 'Courtyard evening glow', 'garden', 'https://rosevillaheritagehomes.com/wp-content/uploads/2025/05/WhatsApp-Image-2024-08-31-at-4.16.49-PM.jpeg', 'Lanterns and jasmine fill the night air.', '1', '2026-01-12 11:03:26', '2026-01-12 11:03:26');
INSERT INTO `gallery_images` (`id`, `title`, `category`, `image_url`, `description`, `is_featured`, `created_at`, `updated_at`) VALUES ('4', 'Heritage dining', 'dining', 'https://rosevillaheritagehomes.com/wp-content/uploads/2025/05/WhatsApp-Image-2024-08-08-at-5.40.14-PM.jpeg', 'Jaffna crab curry and family recipes.', '0', '2026-01-12 11:03:26', '2026-01-12 11:03:26');
INSERT INTO `gallery_images` (`id`, `title`, `category`, `image_url`, `description`, `is_featured`, `created_at`, `updated_at`) VALUES ('5', 'Garden breakfast', 'dining', 'https://rosevillaheritagehomes.com/wp-content/uploads/2025/05/WhatsApp-Image-2024-08-08-at-5.40.15-PM.jpeg', 'Hoppers, sambol, and fresh fruits under palms.', '0', '2026-01-12 11:03:26', '2026-01-12 11:03:26');
INSERT INTO `gallery_images` (`id`, `title`, `category`, `image_url`, `description`, `is_featured`, `created_at`, `updated_at`) VALUES ('6', 'Suite details', 'villa', 'https://rosevillaheritagehomes.com/wp-content/uploads/2025/05/WhatsApp-Image-2024-08-07-at-6.45.39-PM.jpeg', 'Woodwork and woven textiles sourced in Jaffna.', '0', '2026-01-12 11:03:26', '2026-01-12 11:03:26');

-- Structure for table `landmarks` --
DROP TABLE IF EXISTS `landmarks`;
CREATE TABLE `landmarks` (`id` int(11) NOT NULL AUTO_INCREMENT PRIMARY KEY not null, `title` varchar(255) not null, `description` longtext, `distance` varchar(255), `map_link` varchar(255), `image_url` varchar(255), `category` varchar(255) not null default 'culture', `created_at` timestamp NULL DEFAULT NULL, `updated_at` timestamp NULL DEFAULT NULL);

-- Data for table `landmarks` --
INSERT INTO `landmarks` (`id`, `title`, `description`, `distance`, `map_link`, `image_url`, `category`, `created_at`, `updated_at`) VALUES ('1', 'Nallur Kandaswamy Temple', 'A revered 15th-century temple famed for its grand gopuram and evening rituals.', '10 minutes', 'https://maps.google.com/?q=Nallur+Kandaswamy+Temple', 'landmarks/bpFUJB4qlfrFpsEvmi0Rw9IJcd0RNMtf7uMpQN03.jpg', 'culture', '2026-01-12 11:03:26', '2026-01-25 01:53:13');
INSERT INTO `landmarks` (`id`, `title`, `description`, `distance`, `map_link`, `image_url`, `category`, `created_at`, `updated_at`) VALUES ('2', 'Jaffna Fort', 'Dutch and Portuguese history along the lagoon with sunset views.', '12 minutes', 'https://maps.google.com/?q=Jaffna+Fort', 'https://tse1.explicit.bing.net/th/id/OIP.zq36LusYyJaOJ8xd_kuAOgHaJJ?rs=1&pid=ImgDetMain&o=7&rm=3', 'heritage', '2026-01-12 11:03:26', '2026-01-25 11:41:45');
INSERT INTO `landmarks` (`id`, `title`, `description`, `distance`, `map_link`, `image_url`, `category`, `created_at`, `updated_at`) VALUES ('3', 'Keerimalai Springs', 'Sacred seaside springs believed to be healing, perfect for a coastal drive.', '35 minutes', 'https://maps.google.com/?q=Keerimalai+Sacred+Water+Spring', 'https://rosevillaheritagehomes.com/wp-content/uploads/2025/05/WhatsApp-Image-2024-08-08-at-5.40.14-PM.jpeg', 'nature', '2026-01-12 11:03:26', '2026-01-12 11:03:26');

-- Structure for table `content_settings` --
DROP TABLE IF EXISTS `content_settings`;
CREATE TABLE `content_settings` (`id` int(11) NOT NULL AUTO_INCREMENT PRIMARY KEY not null, `key` varchar(255) not null, `value` longtext, `created_at` timestamp NULL DEFAULT NULL, `updated_at` timestamp NULL DEFAULT NULL);

-- Data for table `content_settings` --
INSERT INTO `content_settings` (`id`, `key`, `value`, `created_at`, `updated_at`) VALUES ('1', 'hero_title', 'Experience the Extraordinary in Jaffna', '2026-01-12 11:03:26', '2026-01-12 11:03:26');
INSERT INTO `content_settings` (`id`, `key`, `value`, `created_at`, `updated_at`) VALUES ('2', 'hero_subtitle', 'A boutique heritage villa with soulful hospitality, lush courtyards, and authentic northern flavors.', '2026-01-12 11:03:26', '2026-01-12 11:03:26');
INSERT INTO `content_settings` (`id`, `key`, `value`, `created_at`, `updated_at`) VALUES ('3', 'about_text', 'Rosevilla Heritage Homes weaves timeless Jaffna architecture with modern comfort. Wake to birdsong, dine on heirloom recipes, wander through palm-framed gardens, and return to suites dressed in handcrafted woodwork and soft linen. Our team curates rituals, temple visits, cycling routes, and coastal escapes so every stay feels personal.', '2026-01-12 11:03:26', '2026-01-12 11:03:26');
INSERT INTO `content_settings` (`id`, `key`, `value`, `created_at`, `updated_at`) VALUES ('4', 'footer_text', 'Guest support is a call away — we are here to make every stay effortless.', '2026-01-12 11:03:26', '2026-01-12 11:03:26');
INSERT INTO `content_settings` (`id`, `key`, `value`, `created_at`, `updated_at`) VALUES ('5', 'contact_phone', '+94 76 319 3311', '2026-01-12 11:03:26', '2026-01-12 11:03:26');
INSERT INTO `content_settings` (`id`, `key`, `value`, `created_at`, `updated_at`) VALUES ('6', 'contact_email', 'stay@rosevillaheritagehomes.com', '2026-01-12 11:03:26', '2026-01-12 11:03:26');
INSERT INTO `content_settings` (`id`, `key`, `value`, `created_at`, `updated_at`) VALUES ('7', 'contact_address', 'Rosevilla Heritage Homes, Jaffna, Sri Lanka', '2026-01-12 11:03:26', '2026-01-12 11:03:26');
INSERT INTO `content_settings` (`id`, `key`, `value`, `created_at`, `updated_at`) VALUES ('8', 'map_embed', 'https://www.google.com/maps/embed?pb=!1m18!1m12!1m3!1d126743.4021487821!2d79.989!3d9.6615!2m3!1f0!2f0!3f0!3m2!1i1024!2i768!4f13.1!3m3!1m2!1s0x3afe56f0c3c3361d%3A0xb4b29d0d553cae62!2sJaffna!5e0!3m2!1sen!2slk!4v1700000000000', '2026-01-12 11:03:26', '2026-01-12 11:03:26');
INSERT INTO `content_settings` (`id`, `key`, `value`, `created_at`, `updated_at`) VALUES ('9', 'signature_path', 'signatures/gZe1Xn0WW9jJO3xh1hTvpCRvFUvcRZlopTHFA4cr.png', '2026-01-13 16:34:24', '2026-01-25 15:13:36');
INSERT INTO `content_settings` (`id`, `key`, `value`, `created_at`, `updated_at`) VALUES ('10', 'events_title', NULL, '2026-01-25 15:04:04', '2026-01-25 15:04:04');
INSERT INTO `content_settings` (`id`, `key`, `value`, `created_at`, `updated_at`) VALUES ('11', 'events_description', NULL, '2026-01-25 15:04:04', '2026-01-25 15:04:04');
INSERT INTO `content_settings` (`id`, `key`, `value`, `created_at`, `updated_at`) VALUES ('12', 'site_title', 'Rosevilla Heritage Homes', '2026-01-25 15:06:00', '2026-01-25 15:06:35');
INSERT INTO `content_settings` (`id`, `key`, `value`, `created_at`, `updated_at`) VALUES ('13', 'signature', 'C:\\Users\\DELL Latitude 7400\\AppData\\Local\\Temp\\php90C8.tmp', '2026-01-25 15:11:18', '2026-01-25 15:13:36');
INSERT INTO `content_settings` (`id`, `key`, `value`, `created_at`, `updated_at`) VALUES ('14', 'logo', 'C:\\Users\\DELL Latitude 7400\\AppData\\Local\\Temp\\phpD38E.tmp', '2026-01-25 15:13:53', '2026-01-25 15:13:53');
INSERT INTO `content_settings` (`id`, `key`, `value`, `created_at`, `updated_at`) VALUES ('15', 'logo_path', 'logos/Fhg9S3K0zsocvHw9v3Rax3EEZsIcnDxfFHxsASih.png', '2026-01-25 15:13:53', '2026-01-25 15:13:53');
INSERT INTO `content_settings` (`id`, `key`, `value`, `created_at`, `updated_at`) VALUES ('16', 'favicon', 'C:\\Users\\DELL Latitude 7400\\AppData\\Local\\Temp\\phpFFA1.tmp', '2026-01-25 15:14:05', '2026-01-25 15:14:05');
INSERT INTO `content_settings` (`id`, `key`, `value`, `created_at`, `updated_at`) VALUES ('17', 'favicon_path', 'favicons/P93MejwtrB3ROiWHUGyKUsDYQRtXUQgx3AstlDIA.png', '2026-01-25 15:14:05', '2026-01-25 15:14:05');
INSERT INTO `content_settings` (`id`, `key`, `value`, `created_at`, `updated_at`) VALUES ('18', 'tax_percentage', '10', '2026-01-25 16:19:15', '2026-01-25 16:19:15');

-- Structure for table `reservations` --
DROP TABLE IF EXISTS `reservations`;
CREATE TABLE `reservations` (`id` int(11) NOT NULL AUTO_INCREMENT PRIMARY KEY not null, `room_id` integer, `guest_name` varchar(255) not null, `email` varchar(255) not null, `phone` varchar(255), `check_in` date not null, `check_out` date not null, `guests` integer not null default ('1'), `arrival_time` varchar(255), `message` longtext, `status` varchar(255) not null default ('pending'), `created_at` timestamp NULL DEFAULT NULL, `updated_at` timestamp NULL DEFAULT NULL, `total_price` decimal(15,2) not null default ('0'), `discount_percentage` decimal(15,2) not null default '0', `discount_status` varchar(255) not null default 'none', `discount_approved_by` integer, `invoice_print_count` integer not null default '0', `invoice_reprint_status` varchar(255) not null default 'none', `status_update_requested` varchar(255), `address` varchar(255), `tax_percentage` decimal(15,2) not null default '0', `tax_amount` decimal(15,2) not null default '0', foreign key(`room_id`) references rooms(`id`) on delete set null on update no action, foreign key(`discount_approved_by`) references `users`(`id`) on delete set null);

-- Data for table `reservations` --
INSERT INTO `reservations` (`id`, `room_id`, `guest_name`, `email`, `phone`, `check_in`, `check_out`, `guests`, `arrival_time`, `message`, `status`, `created_at`, `updated_at`, `total_price`, `discount_percentage`, `discount_status`, `discount_approved_by`, `invoice_print_count`, `invoice_reprint_status`, `status_update_requested`, `address`, `tax_percentage`, `tax_amount`) VALUES ('7', '3', 'Gobi Krishna sharma', 'test@example.com', '1234567890', '2026-01-16 00:00:00', '2026-01-18 00:00:00', '1', NULL, 'yyy', 'approved', '2026-01-16 06:45:42', '2026-01-16 14:39:21', '16000', '10', 'rejected', '1', '1', 'rejected', NULL, NULL, '0', '0');
INSERT INTO `reservations` (`id`, `room_id`, `guest_name`, `email`, `phone`, `check_in`, `check_out`, `guests`, `arrival_time`, `message`, `status`, `created_at`, `updated_at`, `total_price`, `discount_percentage`, `discount_status`, `discount_approved_by`, `invoice_print_count`, `invoice_reprint_status`, `status_update_requested`, `address`, `tax_percentage`, `tax_amount`) VALUES ('8', '3', 'gobi krishna', 'g2k2@live.com', '+94766383402', '2026-01-16 00:00:00', '2026-01-18 00:00:00', '1', NULL, 'yy', 'cancelled', '2026-01-16 06:52:31', '2026-01-16 06:54:00', '16000', '10', 'pending', NULL, '0', 'none', NULL, NULL, '0', '0');
INSERT INTO `reservations` (`id`, `room_id`, `guest_name`, `email`, `phone`, `check_in`, `check_out`, `guests`, `arrival_time`, `message`, `status`, `created_at`, `updated_at`, `total_price`, `discount_percentage`, `discount_status`, `discount_approved_by`, `invoice_print_count`, `invoice_reprint_status`, `status_update_requested`, `address`, `tax_percentage`, `tax_amount`) VALUES ('9', '3', 'gobikrishna subramaniyam', 'gobikrishnasubramaniyam@hotmail.com', '+94766383402', '2026-01-16 00:00:00', '2026-01-18 00:00:00', '1', NULL, 'jj', 'approved', '2026-01-16 06:57:14', '2026-01-16 07:53:44', '16000', '2', 'approved', '1', '1', 'none', NULL, NULL, '0', '0');
INSERT INTO `reservations` (`id`, `room_id`, `guest_name`, `email`, `phone`, `check_in`, `check_out`, `guests`, `arrival_time`, `message`, `status`, `created_at`, `updated_at`, `total_price`, `discount_percentage`, `discount_status`, `discount_approved_by`, `invoice_print_count`, `invoice_reprint_status`, `status_update_requested`, `address`, `tax_percentage`, `tax_amount`) VALUES ('12', '2', 'gobi krishna', 'g2k2@live.com', '+94766383402', '2026-01-16 00:00:00', '2026-01-19 00:00:00', '1', NULL, NULL, 'pending', '2026-01-20 05:24:36', '2026-01-20 05:24:36', '139500', '0', 'none', NULL, '0', 'none', NULL, NULL, '0', '0');
INSERT INTO `reservations` (`id`, `room_id`, `guest_name`, `email`, `phone`, `check_in`, `check_out`, `guests`, `arrival_time`, `message`, `status`, `created_at`, `updated_at`, `total_price`, `discount_percentage`, `discount_status`, `discount_approved_by`, `invoice_print_count`, `invoice_reprint_status`, `status_update_requested`, `address`, `tax_percentage`, `tax_amount`) VALUES ('13', '2', 'Gobi Krishna sharma', 'test@example.com', '0766383402', '2026-01-21 00:00:00', '2026-01-24 00:00:00', '1', NULL, 'ggg', 'approved', '2026-01-20 06:14:18', '2026-01-20 06:14:36', '139500', '0', 'none', NULL, '0', 'none', NULL, NULL, '0', '0');
INSERT INTO `reservations` (`id`, `room_id`, `guest_name`, `email`, `phone`, `check_in`, `check_out`, `guests`, `arrival_time`, `message`, `status`, `created_at`, `updated_at`, `total_price`, `discount_percentage`, `discount_status`, `discount_approved_by`, `invoice_print_count`, `invoice_reprint_status`, `status_update_requested`, `address`, `tax_percentage`, `tax_amount`) VALUES ('14', '3', 'Gobi Krishna sharma', 'admin@rosevilla.com', '0766383402', '2026-01-22 00:00:00', '2026-01-27 00:00:00', '1', NULL, NULL, 'approved', '2026-01-20 06:23:15', '2026-01-20 06:23:29', '40000', '0', 'none', NULL, '0', 'none', NULL, NULL, '0', '0');
INSERT INTO `reservations` (`id`, `room_id`, `guest_name`, `email`, `phone`, `check_in`, `check_out`, `guests`, `arrival_time`, `message`, `status`, `created_at`, `updated_at`, `total_price`, `discount_percentage`, `discount_status`, `discount_approved_by`, `invoice_print_count`, `invoice_reprint_status`, `status_update_requested`, `address`, `tax_percentage`, `tax_amount`) VALUES ('15', '3', 'Gobi Krishna sharma', 'test@example.com', '0766383402', '2026-01-21 00:00:00', '2026-01-26 00:00:00', '1', NULL, 'nn', 'approved', '2026-01-20 06:26:21', '2026-01-25 11:50:53', '40000', '0', 'none', NULL, '1', 'none', NULL, NULL, '0', '0');
INSERT INTO `reservations` (`id`, `room_id`, `guest_name`, `email`, `phone`, `check_in`, `check_out`, `guests`, `arrival_time`, `message`, `status`, `created_at`, `updated_at`, `total_price`, `discount_percentage`, `discount_status`, `discount_approved_by`, `invoice_print_count`, `invoice_reprint_status`, `status_update_requested`, `address`, `tax_percentage`, `tax_amount`) VALUES ('16', '2', 'thanushan', 'thanu@campfire.ram', '999999', '2026-01-04 00:00:00', '2026-01-27 00:00:00', '2', NULL, 'for personal need , bed has fully covered by followers', 'approved', '2026-01-25 11:49:08', '2026-01-25 14:47:25', '1069500', '0', 'none', NULL, '1', 'none', NULL, NULL, '0', '0');
INSERT INTO `reservations` (`id`, `room_id`, `guest_name`, `email`, `phone`, `check_in`, `check_out`, `guests`, `arrival_time`, `message`, `status`, `created_at`, `updated_at`, `total_price`, `discount_percentage`, `discount_status`, `discount_approved_by`, `invoice_print_count`, `invoice_reprint_status`, `status_update_requested`, `address`, `tax_percentage`, `tax_amount`) VALUES ('17', '1', 'gobi', 'gobikrishnasubramaniyam@hotmail.com', '0766383402', '2026-01-26 00:00:00', '2026-01-28 00:00:00', '3', NULL, 'ji ji ji', 'approved', '2026-01-25 15:52:45', '2026-01-25 15:53:23', '111000', '0', 'none', NULL, '0', 'none', NULL, 'colombo,Srilanka', '0', '0');
INSERT INTO `reservations` (`id`, `room_id`, `guest_name`, `email`, `phone`, `check_in`, `check_out`, `guests`, `arrival_time`, `message`, `status`, `created_at`, `updated_at`, `total_price`, `discount_percentage`, `discount_status`, `discount_approved_by`, `invoice_print_count`, `invoice_reprint_status`, `status_update_requested`, `address`, `tax_percentage`, `tax_amount`) VALUES ('18', '2', 'gobi krishna', 'g2k2@live.com', '+94766383402', '2026-01-25 00:00:00', '2026-01-28 00:00:00', '2', NULL, 'uuu', 'approved', '2026-01-25 16:19:59', '2026-01-25 16:20:56', '139500', '3', 'approved', '1', '0', 'none', NULL, 'Uduvil Sivagnapillayar Kovil', '10', '13950');
INSERT INTO `reservations` (`id`, `room_id`, `guest_name`, `email`, `phone`, `check_in`, `check_out`, `guests`, `arrival_time`, `message`, `status`, `created_at`, `updated_at`, `total_price`, `discount_percentage`, `discount_status`, `discount_approved_by`, `invoice_print_count`, `invoice_reprint_status`, `status_update_requested`, `address`, `tax_percentage`, `tax_amount`) VALUES ('19', '2', 'gobi krishna', 'g2k2@live.com', '+94766383402', '2026-01-25 00:00:00', '2026-01-28 00:00:00', '5', NULL, 'fgfd', 'approved', '2026-01-25 16:36:08', '2026-01-25 16:36:46', '139500', '0', 'none', NULL, '0', 'none', NULL, 'Uduvil Sivagnapillayar Kovil', '10', '13950');
INSERT INTO `reservations` (`id`, `room_id`, `guest_name`, `email`, `phone`, `check_in`, `check_out`, `guests`, `arrival_time`, `message`, `status`, `created_at`, `updated_at`, `total_price`, `discount_percentage`, `discount_status`, `discount_approved_by`, `invoice_print_count`, `invoice_reprint_status`, `status_update_requested`, `address`, `tax_percentage`, `tax_amount`) VALUES ('20', '3', 'gobi', 'gobikrishnasubramaniyam@hotmail.com', '+94766383402', '2026-01-26 00:00:00', '2026-01-29 00:00:00', '2', NULL, 'jjjj', 'approved', '2026-01-26 01:55:59', '2026-01-26 01:57:13', '24000', '0', 'none', NULL, '0', 'none', NULL, 'Uduvil Pillarayar Kovil ,Manippay Road,Uduvil, Jaffna', '10', '2400');

-- Structure for table `notifications` --
DROP TABLE IF EXISTS `notifications`;
CREATE TABLE `notifications` (`id` varchar(255) not null, `type` varchar(255) not null, `notifiable_type` varchar(255) not null, `notifiable_id` integer not null, `data` longtext not null, `read_at` timestamp NULL DEFAULT NULL, `created_at` timestamp NULL DEFAULT NULL, `updated_at` timestamp NULL DEFAULT NULL, primary key (`id`));

-- Data for table `notifications` --
INSERT INTO `notifications` (`id`, `type`, `notifiable_type`, `notifiable_id`, `data`, `read_at`, `created_at`, `updated_at`) VALUES ('701646c4-fc0f-4c77-aa3c-7f45d1f366a5', 'App\\Notifications\\DiscountSuggested', 'App\\Models\\User', '1', '{\"reservation_id\":6,\"message\":\"New discount suggestion: 20% for yoga\",\"action_url\":\"http:\\/\\/127.0.0.1:8000\\/admin\\/reservations\",\"type\":\"suggestion\"}', '2026-01-16 05:01:29', '2026-01-16 04:53:53', '2026-01-16 05:01:29');
INSERT INTO `notifications` (`id`, `type`, `notifiable_type`, `notifiable_id`, `data`, `read_at`, `created_at`, `updated_at`) VALUES ('ac1319b1-7f40-4095-bf2d-3832fb550708', 'App\\Notifications\\DiscountDecision', 'App\\Models\\User', '2', '{\"reservation_id\":6,\"message\":\"Discount rejected: yoga\",\"action_url\":\"http:\\/\\/127.0.0.1:8000\\/admin\\/reservations\",\"type\":\"decision\",\"status\":\"rejected\"}', '2026-01-16 05:02:30', '2026-01-16 04:54:05', '2026-01-16 05:02:30');
INSERT INTO `notifications` (`id`, `type`, `notifiable_type`, `notifiable_id`, `data`, `read_at`, `created_at`, `updated_at`) VALUES ('cb6ada63-3319-4bad-a903-e222aecbb239', 'App\\Notifications\\DiscountSuggested', 'App\\Models\\User', '1', '{\"reservation_id\":6,\"message\":\"New discount suggestion: 20% for yoga\",\"action_url\":\"http:\\/\\/127.0.0.1:8000\\/admin\\/reservations\",\"type\":\"suggestion\"}', '2026-01-16 05:01:29', '2026-01-16 04:54:54', '2026-01-16 05:01:29');
INSERT INTO `notifications` (`id`, `type`, `notifiable_type`, `notifiable_id`, `data`, `read_at`, `created_at`, `updated_at`) VALUES ('c9e43904-f62f-46a7-bb85-1129260aaf03', 'App\\Notifications\\DiscountDecision', 'App\\Models\\User', '2', '{\"reservation_id\":6,\"message\":\"Discount approved: yoga\",\"action_url\":\"http:\\/\\/127.0.0.1:8000\\/admin\\/reservations\",\"type\":\"decision\",\"status\":\"approved\"}', '2026-01-16 05:02:30', '2026-01-16 04:55:27', '2026-01-16 05:02:30');
INSERT INTO `notifications` (`id`, `type`, `notifiable_type`, `notifiable_id`, `data`, `read_at`, `created_at`, `updated_at`) VALUES ('4f2f7a6b-c0e3-4977-b2ac-6e54db6ed311', 'App\\Notifications\\DiscountSuggested', 'App\\Models\\User', '1', '{\"reservation_id\":5,\"message\":\"New discount suggestion: 30% for Test User\",\"action_url\":\"http:\\/\\/127.0.0.1:8000\\/admin\\/reservations\",\"type\":\"suggestion\"}', '2026-01-16 05:01:29', '2026-01-16 04:56:12', '2026-01-16 05:01:29');
INSERT INTO `notifications` (`id`, `type`, `notifiable_type`, `notifiable_id`, `data`, `read_at`, `created_at`, `updated_at`) VALUES ('849c84eb-a172-4a57-b895-eab1485bccc2', 'App\\Notifications\\DiscountDecision', 'App\\Models\\User', '2', '{\"reservation_id\":5,\"message\":\"Discount approved: Test User\",\"action_url\":\"http:\\/\\/127.0.0.1:8000\\/admin\\/reservations\",\"type\":\"decision\",\"status\":\"approved\"}', '2026-01-16 05:02:30', '2026-01-16 04:56:43', '2026-01-16 05:02:30');
INSERT INTO `notifications` (`id`, `type`, `notifiable_type`, `notifiable_id`, `data`, `read_at`, `created_at`, `updated_at`) VALUES ('32617dd1-102c-4f43-bfd5-d8c7807a9351', 'App\\Notifications\\DiscountSuggested', 'App\\Models\\User', '1', '{\"reservation_id\":6,\"message\":\"New discount suggestion: 10% for yoga\",\"action_url\":\"http:\\/\\/127.0.0.1:8000\\/admin\\/reservations\",\"type\":\"suggestion\"}', '2026-01-16 05:01:29', '2026-01-16 04:57:57', '2026-01-16 05:01:29');
INSERT INTO `notifications` (`id`, `type`, `notifiable_type`, `notifiable_id`, `data`, `read_at`, `created_at`, `updated_at`) VALUES ('8c0f9369-fd10-4a30-80fb-212ba2893494', 'App\\Notifications\\DiscountSuggested', 'App\\Models\\User', '1', '{\"reservation_id\":4,\"message\":\"New discount suggestion: 60% for Gobi Krishna sharma\",\"action_url\":\"http:\\/\\/127.0.0.1:8000\\/admin\\/reservations\",\"type\":\"suggestion\"}', '2026-01-16 05:03:22', '2026-01-16 05:02:44', '2026-01-16 05:03:22');
INSERT INTO `notifications` (`id`, `type`, `notifiable_type`, `notifiable_id`, `data`, `read_at`, `created_at`, `updated_at`) VALUES ('c0ddcd3b-5116-406b-9bc1-b24ce1ca79d7', 'App\\Notifications\\DiscountDecision', 'App\\Models\\User', '2', '{\"reservation_id\":6,\"message\":\"Discount approved: yoga\",\"action_url\":\"http:\\/\\/127.0.0.1:8000\\/admin\\/reservations\",\"type\":\"decision\",\"status\":\"approved\"}', '2026-01-16 05:03:42', '2026-01-16 05:03:11', '2026-01-16 05:03:42');
INSERT INTO `notifications` (`id`, `type`, `notifiable_type`, `notifiable_id`, `data`, `read_at`, `created_at`, `updated_at`) VALUES ('06c6f832-051e-4eaa-84db-161520cf4df7', 'App\\Notifications\\DiscountDecision', 'App\\Models\\User', '2', '{\"reservation_id\":4,\"message\":\"Discount approved: Gobi Krishna sharma\",\"action_url\":\"http:\\/\\/127.0.0.1:8000\\/admin\\/reservations\",\"type\":\"decision\",\"status\":\"approved\"}', '2026-01-16 05:03:42', '2026-01-16 05:03:16', '2026-01-16 05:03:42');
INSERT INTO `notifications` (`id`, `type`, `notifiable_type`, `notifiable_id`, `data`, `read_at`, `created_at`, `updated_at`) VALUES ('f0901981-1371-45a5-850a-54743d019d35', 'App\\Notifications\\DiscountSuggested', 'App\\Models\\User', '1', '{\"reservation_id\":4,\"message\":\"New discount suggestion: 70% for Gobi Krishna sharma\",\"action_url\":\"http:\\/\\/127.0.0.1:8000\\/admin\\/reservations\",\"type\":\"suggestion\"}', '2026-01-16 05:07:59', '2026-01-16 05:07:48', '2026-01-16 05:07:59');
INSERT INTO `notifications` (`id`, `type`, `notifiable_type`, `notifiable_id`, `data`, `read_at`, `created_at`, `updated_at`) VALUES ('c9a43910-ae30-4904-be78-1bcae8f1fe21', 'App\\Notifications\\DiscountDecision', 'App\\Models\\User', '2', '{\"reservation_id\":4,\"message\":\"Discount approved: Gobi Krishna sharma\",\"action_url\":\"http:\\/\\/127.0.0.1:8000\\/admin\\/reservations\",\"type\":\"decision\",\"status\":\"approved\"}', '2026-01-16 05:14:07', '2026-01-16 05:08:04', '2026-01-16 05:14:07');
INSERT INTO `notifications` (`id`, `type`, `notifiable_type`, `notifiable_id`, `data`, `read_at`, `created_at`, `updated_at`) VALUES ('6e341e3b-998b-4288-a26d-2e97404f73c4', 'App\\Notifications\\DiscountSuggested', 'App\\Models\\User', '1', '{\"reservation_id\":2,\"message\":\"New discount suggestion: 8% for sasi\",\"action_url\":\"http:\\/\\/127.0.0.1:8000\\/admin\\/reservations\",\"type\":\"suggestion\"}', '2026-01-16 05:08:29', '2026-01-16 05:08:20', '2026-01-16 05:08:29');
INSERT INTO `notifications` (`id`, `type`, `notifiable_type`, `notifiable_id`, `data`, `read_at`, `created_at`, `updated_at`) VALUES ('2acaaad1-0321-44ab-8325-8f8c0e915a75', 'App\\Notifications\\DiscountDecision', 'App\\Models\\User', '2', '{\"reservation_id\":2,\"message\":\"Discount approved: sasi\",\"action_url\":\"http:\\/\\/127.0.0.1:8000\\/admin\\/reservations\",\"type\":\"decision\",\"status\":\"approved\"}', '2026-01-16 05:13:57', '2026-01-16 05:08:34', '2026-01-16 05:13:57');
INSERT INTO `notifications` (`id`, `type`, `notifiable_type`, `notifiable_id`, `data`, `read_at`, `created_at`, `updated_at`) VALUES ('65e0fe9e-fcf5-4d0b-8b29-54d5e6b3f076', 'App\\Notifications\\DiscountSuggested', 'App\\Models\\User', '1', '{\"reservation_id\":3,\"message\":\"New discount suggestion: 88% for Test User\",\"action_url\":\"http:\\/\\/127.0.0.1:8000\\/admin\\/reservations\",\"type\":\"suggestion\"}', '2026-01-16 05:14:19', '2026-01-16 05:11:14', '2026-01-16 05:14:19');
INSERT INTO `notifications` (`id`, `type`, `notifiable_type`, `notifiable_id`, `data`, `read_at`, `created_at`, `updated_at`) VALUES ('4bc89f70-01ca-4778-af8d-1cf9fd2e3c8f', 'App\\Notifications\\DiscountSuggested', 'App\\Models\\User', '1', '{\"reservation_id\":1,\"message\":\"New discount suggestion: 8% for gobi\",\"action_url\":\"http:\\/\\/127.0.0.1:8000\\/admin\\/reservations\",\"type\":\"suggestion\"}', '2026-01-16 05:11:30', '2026-01-16 05:11:24', '2026-01-16 05:11:30');
INSERT INTO `notifications` (`id`, `type`, `notifiable_type`, `notifiable_id`, `data`, `read_at`, `created_at`, `updated_at`) VALUES ('cbf716a6-a6bd-4cd2-b677-9075a9973618', 'App\\Notifications\\DiscountDecision', 'App\\Models\\User', '2', '{\"reservation_id\":3,\"message\":\"Discount approved: Test User\",\"action_url\":\"http:\\/\\/127.0.0.1:8000\\/admin\\/reservations\",\"type\":\"decision\",\"status\":\"approved\"}', '2026-01-16 05:13:49', '2026-01-16 05:11:36', '2026-01-16 05:13:49');
INSERT INTO `notifications` (`id`, `type`, `notifiable_type`, `notifiable_id`, `data`, `read_at`, `created_at`, `updated_at`) VALUES ('d32cf5ab-4406-49a1-b0ef-276de13c686d', 'App\\Notifications\\DiscountDecision', 'App\\Models\\User', '2', '{\"reservation_id\":1,\"message\":\"Discount approved: gobi\",\"action_url\":\"http:\\/\\/127.0.0.1:8000\\/admin\\/reservations\",\"type\":\"decision\",\"status\":\"approved\"}', '2026-01-16 05:13:41', '2026-01-16 05:11:38', '2026-01-16 05:13:41');
INSERT INTO `notifications` (`id`, `type`, `notifiable_type`, `notifiable_id`, `data`, `read_at`, `created_at`, `updated_at`) VALUES ('252dc340-f5a3-4312-96ef-07fa546d6a20', 'App\\Notifications\\DiscountSuggested', 'App\\Models\\User', '1', '{\"reservation_id\":3,\"message\":\"New discount suggestion: 6% for Test User\",\"action_url\":\"http:\\/\\/127.0.0.1:8000\\/admin\\/reservations\",\"type\":\"suggestion\"}', '2026-01-16 05:14:49', '2026-01-16 05:14:42', '2026-01-16 05:14:49');
INSERT INTO `notifications` (`id`, `type`, `notifiable_type`, `notifiable_id`, `data`, `read_at`, `created_at`, `updated_at`) VALUES ('d54b2c1c-bf47-4024-aafb-f669ee924fee', 'App\\Notifications\\DiscountDecision', 'App\\Models\\User', '2', '{\"reservation_id\":3,\"message\":\"Discount approved: Test User\",\"action_url\":\"http:\\/\\/127.0.0.1:8000\\/admin\\/reservations\",\"type\":\"decision\",\"status\":\"approved\"}', '2026-01-16 05:15:07', '2026-01-16 05:14:58', '2026-01-16 05:15:07');
INSERT INTO `notifications` (`id`, `type`, `notifiable_type`, `notifiable_id`, `data`, `read_at`, `created_at`, `updated_at`) VALUES ('5462609a-ee3e-4847-8272-9af11f28b936', 'App\\Notifications\\DiscountSuggested', 'App\\Models\\User', '1', '{\"reservation_id\":6,\"message\":\"Reprint requested for yoga\",\"action_url\":\"http:\\/\\/127.0.0.1:8000\\/admin\\/reservations\",\"type\":\"reprint_request\"}', '2026-01-16 06:42:37', '2026-01-16 06:42:20', '2026-01-16 06:42:37');
INSERT INTO `notifications` (`id`, `type`, `notifiable_type`, `notifiable_id`, `data`, `read_at`, `created_at`, `updated_at`) VALUES ('fe580724-8b4f-4d71-9c79-79c5a936af8e', 'App\\Notifications\\DiscountSuggested', 'App\\Models\\User', '1', '{\"reservation_id\":7,\"message\":\"New discount suggestion: 10% for Gobi Krishna sharma\",\"action_url\":\"http:\\/\\/127.0.0.1:8000\\/admin\\/reservations\",\"type\":\"suggestion\"}', '2026-01-16 06:46:38', '2026-01-16 06:46:15', '2026-01-16 06:46:38');
INSERT INTO `notifications` (`id`, `type`, `notifiable_type`, `notifiable_id`, `data`, `read_at`, `created_at`, `updated_at`) VALUES ('30603cff-24e0-417a-99f1-abb73571aa3a', 'App\\Notifications\\DiscountDecision', 'App\\Models\\User', '2', '{\"reservation_id\":7,\"message\":\"Discount rejected: Gobi Krishna sharma\",\"action_url\":\"http:\\/\\/127.0.0.1:8000\\/admin\\/reservations\",\"type\":\"decision\",\"status\":\"rejected\"}', '2026-01-16 06:46:59', '2026-01-16 06:46:45', '2026-01-16 06:46:59');
INSERT INTO `notifications` (`id`, `type`, `notifiable_type`, `notifiable_id`, `data`, `read_at`, `created_at`, `updated_at`) VALUES ('e69d7b4d-2184-400b-942d-7cf7154220e9', 'App\\Notifications\\NewReservationRequest', 'App\\Models\\User', '1', '{\"reservation_id\":8,\"message\":\"New reservation request from gobi krishna\",\"action_url\":\"http:\\/\\/127.0.0.1:8000\\/admin\\/reservations\",\"type\":\"new_reservation\"}', '2026-01-16 15:32:47', '2026-01-16 06:52:31', '2026-01-16 15:32:47');
INSERT INTO `notifications` (`id`, `type`, `notifiable_type`, `notifiable_id`, `data`, `read_at`, `created_at`, `updated_at`) VALUES ('b6071ada-0727-4d12-9d71-70bc0262e681', 'App\\Notifications\\NewReservationRequest', 'App\\Models\\User', '2', '{\"reservation_id\":8,\"message\":\"New reservation request from gobi krishna\",\"action_url\":\"http:\\/\\/127.0.0.1:8000\\/admin\\/reservations\",\"type\":\"new_reservation\"}', '2026-01-16 06:52:39', '2026-01-16 06:52:31', '2026-01-16 06:52:39');
INSERT INTO `notifications` (`id`, `type`, `notifiable_type`, `notifiable_id`, `data`, `read_at`, `created_at`, `updated_at`) VALUES ('846a678f-beeb-4889-b7b8-7f8672847573', 'App\\Notifications\\NewReservationRequest', 'App\\Models\\User', '3', '{\"reservation_id\":8,\"message\":\"New reservation request from gobi krishna\",\"action_url\":\"http:\\/\\/127.0.0.1:8000\\/admin\\/reservations\",\"type\":\"new_reservation\"}', NULL, '2026-01-16 06:52:31', '2026-01-16 06:52:31');
INSERT INTO `notifications` (`id`, `type`, `notifiable_type`, `notifiable_id`, `data`, `read_at`, `created_at`, `updated_at`) VALUES ('bd4c7f15-0a94-4924-8ad5-ead5228aad69', 'App\\Notifications\\DiscountSuggested', 'App\\Models\\User', '1', '{\"reservation_id\":8,\"message\":\"New discount suggestion: 10% for gobi krishna\",\"action_url\":\"http:\\/\\/127.0.0.1:8000\\/admin\\/reservations\",\"type\":\"suggestion\"}', '2026-01-16 15:32:47', '2026-01-16 06:53:10', '2026-01-16 15:32:47');
INSERT INTO `notifications` (`id`, `type`, `notifiable_type`, `notifiable_id`, `data`, `read_at`, `created_at`, `updated_at`) VALUES ('52fc260a-999d-4e65-acfc-c09b64adce6b', 'App\\Notifications\\NewReservationRequest', 'App\\Models\\User', '1', '{\"reservation_id\":9,\"message\":\"New reservation request from gobikrishna subramaniyam\",\"action_url\":\"http:\\/\\/127.0.0.1:8000\\/admin\\/reservations\",\"type\":\"new_reservation\"}', '2026-01-16 15:32:47', '2026-01-16 06:57:14', '2026-01-16 15:32:47');
INSERT INTO `notifications` (`id`, `type`, `notifiable_type`, `notifiable_id`, `data`, `read_at`, `created_at`, `updated_at`) VALUES ('48eab5b0-afc4-4b1f-8efd-0b4780c48ff7', 'App\\Notifications\\NewReservationRequest', 'App\\Models\\User', '2', '{\"reservation_id\":9,\"message\":\"New reservation request from gobikrishna subramaniyam\",\"action_url\":\"http:\\/\\/127.0.0.1:8000\\/admin\\/reservations\",\"type\":\"new_reservation\"}', '2026-01-16 06:57:26', '2026-01-16 06:57:14', '2026-01-16 06:57:26');
INSERT INTO `notifications` (`id`, `type`, `notifiable_type`, `notifiable_id`, `data`, `read_at`, `created_at`, `updated_at`) VALUES ('17189843-6733-4e41-8d1f-0dad20ea6e25', 'App\\Notifications\\NewReservationRequest', 'App\\Models\\User', '3', '{\"reservation_id\":9,\"message\":\"New reservation request from gobikrishna subramaniyam\",\"action_url\":\"http:\\/\\/127.0.0.1:8000\\/admin\\/reservations\",\"type\":\"new_reservation\"}', NULL, '2026-01-16 06:57:14', '2026-01-16 06:57:14');
INSERT INTO `notifications` (`id`, `type`, `notifiable_type`, `notifiable_id`, `data`, `read_at`, `created_at`, `updated_at`) VALUES ('99289844-4143-436a-af39-8eae1f3295f4', 'App\\Notifications\\NewReservationRequest', 'App\\Models\\User', '1', '{\"reservation_id\":10,\"message\":\"New reservation request from gobi krishna\",\"action_url\":\"http:\\/\\/127.0.0.1:8000\\/admin\\/reservations\",\"type\":\"new_reservation\"}', '2026-01-16 15:32:47', '2026-01-16 07:39:04', '2026-01-16 15:32:47');
INSERT INTO `notifications` (`id`, `type`, `notifiable_type`, `notifiable_id`, `data`, `read_at`, `created_at`, `updated_at`) VALUES ('29be0f79-6a45-4b33-b915-3324d4a683d5', 'App\\Notifications\\NewReservationRequest', 'App\\Models\\User', '2', '{\"reservation_id\":10,\"message\":\"New reservation request from gobi krishna\",\"action_url\":\"http:\\/\\/127.0.0.1:8000\\/admin\\/reservations\",\"type\":\"new_reservation\"}', '2026-01-16 07:39:12', '2026-01-16 07:39:04', '2026-01-16 07:39:12');
INSERT INTO `notifications` (`id`, `type`, `notifiable_type`, `notifiable_id`, `data`, `read_at`, `created_at`, `updated_at`) VALUES ('ea0645ed-4c0c-4a11-b7b3-6aef50e4db78', 'App\\Notifications\\NewReservationRequest', 'App\\Models\\User', '3', '{\"reservation_id\":10,\"message\":\"New reservation request from gobi krishna\",\"action_url\":\"http:\\/\\/127.0.0.1:8000\\/admin\\/reservations\",\"type\":\"new_reservation\"}', NULL, '2026-01-16 07:39:04', '2026-01-16 07:39:04');
INSERT INTO `notifications` (`id`, `type`, `notifiable_type`, `notifiable_id`, `data`, `read_at`, `created_at`, `updated_at`) VALUES ('3142fb3c-74c5-4660-90ca-d82d0ca2ffb0', 'App\\Notifications\\DiscountSuggested', 'App\\Models\\User', '1', '{\"reservation_id\":7,\"message\":\"Reprint requested for Gobi Krishna sharma\",\"action_url\":\"http:\\/\\/127.0.0.1:8000\\/admin\\/reservations\",\"type\":\"reprint_request\"}', '2026-01-16 07:54:40', '2026-01-16 07:54:28', '2026-01-16 07:54:40');
INSERT INTO `notifications` (`id`, `type`, `notifiable_type`, `notifiable_id`, `data`, `read_at`, `created_at`, `updated_at`) VALUES ('e01c617e-1dad-4f22-abea-229829ccdcac', 'App\\Notifications\\NewReservationRequest', 'App\\Models\\User', '1', '{\"reservation_id\":11,\"message\":\"New reservation request from gobi\",\"action_url\":\"http:\\/\\/127.0.0.1:8000\\/admin\\/reservations\",\"type\":\"new_reservation\"}', '2026-01-16 15:32:47', '2026-01-16 14:54:09', '2026-01-16 15:32:47');
INSERT INTO `notifications` (`id`, `type`, `notifiable_type`, `notifiable_id`, `data`, `read_at`, `created_at`, `updated_at`) VALUES ('92dd6402-2a07-411f-82a9-92d9b3287ed8', 'App\\Notifications\\NewReservationRequest', 'App\\Models\\User', '2', '{\"reservation_id\":11,\"message\":\"New reservation request from gobi\",\"action_url\":\"http:\\/\\/127.0.0.1:8000\\/admin\\/reservations\",\"type\":\"new_reservation\"}', '2026-01-16 14:54:26', '2026-01-16 14:54:09', '2026-01-16 14:54:26');
INSERT INTO `notifications` (`id`, `type`, `notifiable_type`, `notifiable_id`, `data`, `read_at`, `created_at`, `updated_at`) VALUES ('7b2d5801-8225-41b4-87eb-33c92b2228b2', 'App\\Notifications\\NewReservationRequest', 'App\\Models\\User', '3', '{\"reservation_id\":11,\"message\":\"New reservation request from gobi\",\"action_url\":\"http:\\/\\/127.0.0.1:8000\\/admin\\/reservations\",\"type\":\"new_reservation\"}', NULL, '2026-01-16 14:54:09', '2026-01-16 14:54:09');
INSERT INTO `notifications` (`id`, `type`, `notifiable_type`, `notifiable_id`, `data`, `read_at`, `created_at`, `updated_at`) VALUES ('f3a94c77-ec13-4728-8ccf-8c2450c08006', 'App\\Notifications\\NewReservationRequest', 'App\\Models\\User', '4', '{\"reservation_id\":11,\"message\":\"New reservation request from gobi\",\"action_url\":\"http:\\/\\/127.0.0.1:8000\\/admin\\/reservations\",\"type\":\"new_reservation\"}', NULL, '2026-01-16 14:54:09', '2026-01-16 14:54:09');
INSERT INTO `notifications` (`id`, `type`, `notifiable_type`, `notifiable_id`, `data`, `read_at`, `created_at`, `updated_at`) VALUES ('4d7e9bb0-c1e0-4c91-af82-742185117630', 'App\\Notifications\\NewEventBookingRequest', 'App\\Models\\User', '1', '{\"booking_id\":2,\"message\":\"New event booking request: Party for ggg\",\"action_url\":\"http:\\/\\/127.0.0.1:8000\\/admin\\/events\",\"type\":\"new_event_booking\"}', '2026-01-17 13:36:07', '2026-01-17 13:35:59', '2026-01-17 13:36:07');
INSERT INTO `notifications` (`id`, `type`, `notifiable_type`, `notifiable_id`, `data`, `read_at`, `created_at`, `updated_at`) VALUES ('19c1433a-d29c-41fb-8930-905fc9446b7b', 'App\\Notifications\\NewEventBookingRequest', 'App\\Models\\User', '1', '{\"booking_id\":3,\"message\":\"New event booking request: Party for yy\",\"action_url\":\"http:\\/\\/127.0.0.1:8000\\/admin\\/events\",\"type\":\"new_event_booking\"}', '2026-01-17 13:41:14', '2026-01-17 13:41:02', '2026-01-17 13:41:14');
INSERT INTO `notifications` (`id`, `type`, `notifiable_type`, `notifiable_id`, `data`, `read_at`, `created_at`, `updated_at`) VALUES ('9189eb01-b71a-4a7c-a0ad-5ce0e4a57e7b', 'App\\Notifications\\NewEventBookingRequest', 'App\\Models\\User', '1', '{\"booking_id\":4,\"message\":\"New event booking request: Wedding for gobi krishna\",\"action_url\":\"http:\\/\\/127.0.0.1:8000\\/admin\\/events\",\"type\":\"new_event_booking\"}', NULL, '2026-01-17 13:46:29', '2026-01-17 13:46:29');
INSERT INTO `notifications` (`id`, `type`, `notifiable_type`, `notifiable_id`, `data`, `read_at`, `created_at`, `updated_at`) VALUES ('b9366499-36e9-46bb-a040-acef0aa8ee86', 'App\\Notifications\\NewEventBookingRequest', 'App\\Models\\User', '1', '{\"booking_id\":4,\"message\":\"Invoice reprint requested for gobi krishna\",\"action_url\":\"http:\\/\\/127.0.0.1:8000\\/admin\\/events\",\"type\":\"reprint_request\"}', NULL, '2026-01-17 14:11:25', '2026-01-17 14:11:25');
INSERT INTO `notifications` (`id`, `type`, `notifiable_type`, `notifiable_id`, `data`, `read_at`, `created_at`, `updated_at`) VALUES ('7376a0a9-24c2-4d1a-bc72-87b3cf78eafe', 'App\\Notifications\\NewEventBookingRequest', 'App\\Models\\User', '1', '{\"booking_id\":4,\"message\":\"Invoice reprint requested for gobi krishna\",\"action_url\":\"http:\\/\\/127.0.0.1:8000\\/admin\\/events\",\"type\":\"reprint_request\"}', NULL, '2026-01-17 14:12:03', '2026-01-17 14:12:03');
INSERT INTO `notifications` (`id`, `type`, `notifiable_type`, `notifiable_id`, `data`, `read_at`, `created_at`, `updated_at`) VALUES ('616a38b4-5bdf-486e-b8b6-6a441fe5cd1a', 'App\\Notifications\\NewEventBookingRequest', 'App\\Models\\User', '1', '{\"booking_id\":4,\"message\":\"Invoice reprint requested for gobi krishna\",\"action_url\":\"http:\\/\\/127.0.0.1:8000\\/admin\\/events\",\"type\":\"reprint_request\"}', NULL, '2026-01-17 14:14:46', '2026-01-17 14:14:46');
INSERT INTO `notifications` (`id`, `type`, `notifiable_type`, `notifiable_id`, `data`, `read_at`, `created_at`, `updated_at`) VALUES ('626a40ba-4960-4fbf-a86d-96dde6244767', 'App\\Notifications\\NewEventBookingRequest', 'App\\Models\\User', '1', '{\"booking_id\":4,\"message\":\"Invoice reprint requested for gobi krishna\",\"action_url\":\"http:\\/\\/127.0.0.1:8000\\/admin\\/events\",\"type\":\"reprint_request\"}', NULL, '2026-01-17 14:15:18', '2026-01-17 14:15:18');
INSERT INTO `notifications` (`id`, `type`, `notifiable_type`, `notifiable_id`, `data`, `read_at`, `created_at`, `updated_at`) VALUES ('a948b2bf-cd85-4c14-bd4f-775df11c0e3b', 'App\\Notifications\\NewEventBookingRequest', 'App\\Models\\User', '1', '{\"booking_id\":5,\"message\":\"New event booking request: Party for gobi krishna\",\"action_url\":\"http:\\/\\/127.0.0.1:8000\\/admin\\/events\",\"type\":\"new_event_booking\"}', NULL, '2026-01-17 14:23:39', '2026-01-17 14:23:39');
INSERT INTO `notifications` (`id`, `type`, `notifiable_type`, `notifiable_id`, `data`, `read_at`, `created_at`, `updated_at`) VALUES ('c7bf35dd-12a6-4964-96fc-238406de18c6', 'App\\Notifications\\NewEventBookingRequest', 'App\\Models\\User', '1', '{\"booking_id\":4,\"message\":\"Invoice reprint requested for gobi krishna\",\"action_url\":\"http:\\/\\/127.0.0.1:8000\\/admin\\/events\",\"type\":\"reprint_request\"}', '2026-01-17 14:30:54', '2026-01-17 14:29:34', '2026-01-17 14:30:54');
INSERT INTO `notifications` (`id`, `type`, `notifiable_type`, `notifiable_id`, `data`, `read_at`, `created_at`, `updated_at`) VALUES ('79e3d255-b4af-42c7-85d9-9f42d8760d1f', 'App\\Notifications\\NewEventBookingRequest', 'App\\Models\\User', '1', '{\"booking_id\":4,\"message\":\"Discount suggestion for gobi krishna\",\"action_url\":\"http:\\/\\/127.0.0.1:8000\\/admin\\/events\",\"type\":\"discount_suggestion\"}', NULL, '2026-01-17 14:30:28', '2026-01-17 14:30:28');
INSERT INTO `notifications` (`id`, `type`, `notifiable_type`, `notifiable_id`, `data`, `read_at`, `created_at`, `updated_at`) VALUES ('77957914-4fc4-4ff2-b31e-a92865024fbd', 'App\\Notifications\\NewEventBookingRequest', 'App\\Models\\User', '1', '{\"booking_id\":6,\"message\":\"New event booking request: Corporate for gobi krishna\",\"action_url\":\"http:\\/\\/127.0.0.1:8000\\/admin\\/events\",\"type\":\"new_event_booking\"}', NULL, '2026-01-17 14:32:08', '2026-01-17 14:32:08');
INSERT INTO `notifications` (`id`, `type`, `notifiable_type`, `notifiable_id`, `data`, `read_at`, `created_at`, `updated_at`) VALUES ('49916f65-7a44-43b1-81e1-bf6787f8b3de', 'App\\Notifications\\NewEventBookingRequest', 'App\\Models\\User', '1', '{\"booking_id\":7,\"message\":\"New event booking request: Wedding for gobi krishna\",\"action_url\":\"http:\\/\\/127.0.0.1:8000\\/admin\\/events\",\"type\":\"new_event_booking\"}', NULL, '2026-01-17 14:43:37', '2026-01-17 14:43:37');
INSERT INTO `notifications` (`id`, `type`, `notifiable_type`, `notifiable_id`, `data`, `read_at`, `created_at`, `updated_at`) VALUES ('d9eaf1b7-77fd-4465-ab35-79b7d4784a9c', 'App\\Notifications\\BookingStatusUpdated', 'App\\Models\\User', '11', '{\"booking_id\":7,\"message\":\"Booking conflict approved for gobi krishna\",\"action_url\":\"http:\\/\\/127.0.0.1:8000\\/admin\\/events\",\"type\":\"status_update\",\"subtype\":\"conflict\",\"status\":\"approved\"}', NULL, '2026-01-17 15:01:54', '2026-01-17 15:01:54');
INSERT INTO `notifications` (`id`, `type`, `notifiable_type`, `notifiable_id`, `data`, `read_at`, `created_at`, `updated_at`) VALUES ('3b74eb5d-3861-4c72-bb1a-dbcd76e5c7f4', 'App\\Notifications\\BookingStatusUpdated', 'App\\Models\\User', '12', '{\"booking_id\":7,\"message\":\"Booking conflict approved for gobi krishna\",\"action_url\":\"http:\\/\\/127.0.0.1:8000\\/admin\\/events\",\"type\":\"status_update\",\"subtype\":\"conflict\",\"status\":\"approved\"}', NULL, '2026-01-17 15:01:54', '2026-01-17 15:01:54');
INSERT INTO `notifications` (`id`, `type`, `notifiable_type`, `notifiable_id`, `data`, `read_at`, `created_at`, `updated_at`) VALUES ('55a84447-b393-4d5d-b7e3-01ab1d0dab50', 'App\\Notifications\\NewEventBookingRequest', 'App\\Models\\User', '1', '{\"booking_id\":8,\"message\":\"New event booking request: Wedding for Test Check\",\"action_url\":\"http:\\/\\/127.0.0.1:8000\\/admin\\/events\",\"type\":\"new_event_booking\"}', NULL, '2026-01-19 05:56:04', '2026-01-19 05:56:04');
INSERT INTO `notifications` (`id`, `type`, `notifiable_type`, `notifiable_id`, `data`, `read_at`, `created_at`, `updated_at`) VALUES ('b7adcdd8-0f63-47b6-b79a-aba0a255d6c6', 'App\\Notifications\\NewReservationRequest', 'App\\Models\\User', '1', '{\"reservation_id\":12,\"message\":\"New reservation request from gobi krishna\",\"action_url\":\"http:\\/\\/127.0.0.1:8000\\/admin\\/reservations\",\"type\":\"new_reservation\"}', NULL, '2026-01-20 05:24:36', '2026-01-20 05:24:36');
INSERT INTO `notifications` (`id`, `type`, `notifiable_type`, `notifiable_id`, `data`, `read_at`, `created_at`, `updated_at`) VALUES ('a5812f4c-736f-441a-8129-3334705e4500', 'App\\Notifications\\NewReservationRequest', 'App\\Models\\User', '11', '{\"reservation_id\":12,\"message\":\"New reservation request from gobi krishna\",\"action_url\":\"http:\\/\\/127.0.0.1:8000\\/admin\\/reservations\",\"type\":\"new_reservation\"}', NULL, '2026-01-20 05:24:36', '2026-01-20 05:24:36');
INSERT INTO `notifications` (`id`, `type`, `notifiable_type`, `notifiable_id`, `data`, `read_at`, `created_at`, `updated_at`) VALUES ('24a83628-3393-42c9-af7c-9b35c3ad6ae6', 'App\\Notifications\\NewReservationRequest', 'App\\Models\\User', '12', '{\"reservation_id\":12,\"message\":\"New reservation request from gobi krishna\",\"action_url\":\"http:\\/\\/127.0.0.1:8000\\/admin\\/reservations\",\"type\":\"new_reservation\"}', NULL, '2026-01-20 05:24:36', '2026-01-20 05:24:36');
INSERT INTO `notifications` (`id`, `type`, `notifiable_type`, `notifiable_id`, `data`, `read_at`, `created_at`, `updated_at`) VALUES ('a11592a1-cb3c-41b3-9f1e-1b90cb53f79e', 'App\\Notifications\\NewReservationRequest', 'App\\Models\\User', '1', '{\"reservation_id\":13,\"message\":\"New reservation request from Gobi Krishna sharma\",\"action_url\":\"http:\\/\\/127.0.0.1:8000\\/admin\\/reservations\",\"type\":\"new_reservation\"}', NULL, '2026-01-20 06:14:18', '2026-01-20 06:14:18');
INSERT INTO `notifications` (`id`, `type`, `notifiable_type`, `notifiable_id`, `data`, `read_at`, `created_at`, `updated_at`) VALUES ('462289b8-5d38-4b1d-9ce5-902bbbc0b34f', 'App\\Notifications\\NewReservationRequest', 'App\\Models\\User', '11', '{\"reservation_id\":13,\"message\":\"New reservation request from Gobi Krishna sharma\",\"action_url\":\"http:\\/\\/127.0.0.1:8000\\/admin\\/reservations\",\"type\":\"new_reservation\"}', NULL, '2026-01-20 06:14:18', '2026-01-20 06:14:18');
INSERT INTO `notifications` (`id`, `type`, `notifiable_type`, `notifiable_id`, `data`, `read_at`, `created_at`, `updated_at`) VALUES ('2fa3be80-12ed-42d5-88df-676a2af2fab9', 'App\\Notifications\\NewReservationRequest', 'App\\Models\\User', '12', '{\"reservation_id\":13,\"message\":\"New reservation request from Gobi Krishna sharma\",\"action_url\":\"http:\\/\\/127.0.0.1:8000\\/admin\\/reservations\",\"type\":\"new_reservation\"}', NULL, '2026-01-20 06:14:18', '2026-01-20 06:14:18');
INSERT INTO `notifications` (`id`, `type`, `notifiable_type`, `notifiable_id`, `data`, `read_at`, `created_at`, `updated_at`) VALUES ('61ae9687-b952-4232-b7fe-32bdb8a0c84b', 'App\\Notifications\\NewReservationRequest', 'App\\Models\\User', '1', '{\"reservation_id\":14,\"message\":\"New reservation request from Gobi Krishna sharma\",\"action_url\":\"http:\\/\\/127.0.0.1:8000\\/admin\\/reservations\",\"type\":\"new_reservation\"}', NULL, '2026-01-20 06:23:15', '2026-01-20 06:23:15');
INSERT INTO `notifications` (`id`, `type`, `notifiable_type`, `notifiable_id`, `data`, `read_at`, `created_at`, `updated_at`) VALUES ('94835476-4f8a-434b-8249-2ad4bcfce61b', 'App\\Notifications\\NewReservationRequest', 'App\\Models\\User', '11', '{\"reservation_id\":14,\"message\":\"New reservation request from Gobi Krishna sharma\",\"action_url\":\"http:\\/\\/127.0.0.1:8000\\/admin\\/reservations\",\"type\":\"new_reservation\"}', NULL, '2026-01-20 06:23:15', '2026-01-20 06:23:15');
INSERT INTO `notifications` (`id`, `type`, `notifiable_type`, `notifiable_id`, `data`, `read_at`, `created_at`, `updated_at`) VALUES ('2e94ba3d-7878-4d01-91a5-03c042f9dea6', 'App\\Notifications\\NewReservationRequest', 'App\\Models\\User', '12', '{\"reservation_id\":14,\"message\":\"New reservation request from Gobi Krishna sharma\",\"action_url\":\"http:\\/\\/127.0.0.1:8000\\/admin\\/reservations\",\"type\":\"new_reservation\"}', NULL, '2026-01-20 06:23:15', '2026-01-20 06:23:15');
INSERT INTO `notifications` (`id`, `type`, `notifiable_type`, `notifiable_id`, `data`, `read_at`, `created_at`, `updated_at`) VALUES ('c7f2546a-9c4b-4db3-ba23-d7c1d9db3a41', 'App\\Notifications\\NewReservationRequest', 'App\\Models\\User', '1', '{\"reservation_id\":15,\"message\":\"New reservation request from Gobi Krishna sharma\",\"action_url\":\"http:\\/\\/127.0.0.1:8000\\/admin\\/reservations\",\"type\":\"new_reservation\"}', '2026-01-25 11:35:08', '2026-01-20 06:26:21', '2026-01-25 11:35:08');
INSERT INTO `notifications` (`id`, `type`, `notifiable_type`, `notifiable_id`, `data`, `read_at`, `created_at`, `updated_at`) VALUES ('524678a4-2f92-4c4b-889e-1e314c00a26c', 'App\\Notifications\\NewReservationRequest', 'App\\Models\\User', '11', '{\"reservation_id\":15,\"message\":\"New reservation request from Gobi Krishna sharma\",\"action_url\":\"http:\\/\\/127.0.0.1:8000\\/admin\\/reservations\",\"type\":\"new_reservation\"}', NULL, '2026-01-20 06:26:21', '2026-01-20 06:26:21');
INSERT INTO `notifications` (`id`, `type`, `notifiable_type`, `notifiable_id`, `data`, `read_at`, `created_at`, `updated_at`) VALUES ('12e11708-8510-4daf-bc59-c71c4aab23a9', 'App\\Notifications\\NewReservationRequest', 'App\\Models\\User', '12', '{\"reservation_id\":15,\"message\":\"New reservation request from Gobi Krishna sharma\",\"action_url\":\"http:\\/\\/127.0.0.1:8000\\/admin\\/reservations\",\"type\":\"new_reservation\"}', NULL, '2026-01-20 06:26:21', '2026-01-20 06:26:21');
INSERT INTO `notifications` (`id`, `type`, `notifiable_type`, `notifiable_id`, `data`, `read_at`, `created_at`, `updated_at`) VALUES ('dfe4577c-1833-4bec-8d67-b5a06a943ca1', 'App\\Notifications\\BookingStatusUpdated', 'App\\Models\\User', '11', '{\"booking_id\":6,\"message\":\"Booking conflict approved for gobi krishna\",\"action_url\":\"http:\\/\\/127.0.0.1:8000\\/admin\\/events\",\"type\":\"status_update\",\"subtype\":\"conflict\",\"status\":\"approved\"}', NULL, '2026-01-25 11:37:15', '2026-01-25 11:37:15');
INSERT INTO `notifications` (`id`, `type`, `notifiable_type`, `notifiable_id`, `data`, `read_at`, `created_at`, `updated_at`) VALUES ('0ff29f47-f1a6-46bf-82db-97c41dadf494', 'App\\Notifications\\BookingStatusUpdated', 'App\\Models\\User', '12', '{\"booking_id\":6,\"message\":\"Booking conflict approved for gobi krishna\",\"action_url\":\"http:\\/\\/127.0.0.1:8000\\/admin\\/events\",\"type\":\"status_update\",\"subtype\":\"conflict\",\"status\":\"approved\"}', '2026-01-25 11:54:02', '2026-01-25 11:37:15', '2026-01-25 11:54:02');
INSERT INTO `notifications` (`id`, `type`, `notifiable_type`, `notifiable_id`, `data`, `read_at`, `created_at`, `updated_at`) VALUES ('4e8c3752-d308-4881-bce0-14eb4d4860e6', 'App\\Notifications\\NewReservationRequest', 'App\\Models\\User', '1', '{\"reservation_id\":16,\"message\":\"New reservation request from thanushan\",\"action_url\":\"http:\\/\\/127.0.0.1:8000\\/admin\\/reservations\",\"type\":\"new_reservation\"}', NULL, '2026-01-25 11:49:09', '2026-01-25 11:49:09');
INSERT INTO `notifications` (`id`, `type`, `notifiable_type`, `notifiable_id`, `data`, `read_at`, `created_at`, `updated_at`) VALUES ('121ff473-ff4f-4218-85d3-18bface05394', 'App\\Notifications\\NewReservationRequest', 'App\\Models\\User', '11', '{\"reservation_id\":16,\"message\":\"New reservation request from thanushan\",\"action_url\":\"http:\\/\\/127.0.0.1:8000\\/admin\\/reservations\",\"type\":\"new_reservation\"}', '2026-01-25 11:49:20', '2026-01-25 11:49:09', '2026-01-25 11:49:20');
INSERT INTO `notifications` (`id`, `type`, `notifiable_type`, `notifiable_id`, `data`, `read_at`, `created_at`, `updated_at`) VALUES ('fc123d59-5c15-4023-b19b-2fe6b2f1a95f', 'App\\Notifications\\NewReservationRequest', 'App\\Models\\User', '12', '{\"reservation_id\":16,\"message\":\"New reservation request from thanushan\",\"action_url\":\"http:\\/\\/127.0.0.1:8000\\/admin\\/reservations\",\"type\":\"new_reservation\"}', '2026-01-25 11:53:54', '2026-01-25 11:49:09', '2026-01-25 11:53:54');
INSERT INTO `notifications` (`id`, `type`, `notifiable_type`, `notifiable_id`, `data`, `read_at`, `created_at`, `updated_at`) VALUES ('d84b347d-5edd-4e7b-827a-0f13547d1803', 'App\\Notifications\\NewEventBookingRequest', 'App\\Models\\User', '1', '{\"booking_id\":7,\"message\":\"Invoice reprint requested for gobi krishna\",\"action_url\":\"http:\\/\\/127.0.0.1:8000\\/admin\\/events\",\"type\":\"reprint_request\"}', NULL, '2026-01-25 11:52:05', '2026-01-25 11:52:05');
INSERT INTO `notifications` (`id`, `type`, `notifiable_type`, `notifiable_id`, `data`, `read_at`, `created_at`, `updated_at`) VALUES ('acf2b62e-88e6-4393-92e2-de142438613d', 'App\\Notifications\\DiscountSuggested', 'App\\Models\\User', '1', '{\"reservation_id\":16,\"message\":\"Status change requested for thanushan to Pending\",\"action_url\":\"http:\\/\\/127.0.0.1:8000\\/admin\\/reservations\",\"type\":\"status_change_request\"}', '2026-01-25 14:39:57', '2026-01-25 14:39:48', '2026-01-25 14:39:57');
INSERT INTO `notifications` (`id`, `type`, `notifiable_type`, `notifiable_id`, `data`, `read_at`, `created_at`, `updated_at`) VALUES ('6ef2f69b-12b3-4f81-b68a-752aabd325ee', 'App\\Notifications\\DiscountSuggested', 'App\\Models\\User', '1', '{\"reservation_id\":16,\"message\":\"Status change requested for thanushan to Pending\",\"action_url\":\"http:\\/\\/127.0.0.1:8000\\/admin\\/reservations\",\"type\":\"status_change_request\"}', '2026-01-25 14:42:19', '2026-01-25 14:42:13', '2026-01-25 14:42:19');
INSERT INTO `notifications` (`id`, `type`, `notifiable_type`, `notifiable_id`, `data`, `read_at`, `created_at`, `updated_at`) VALUES ('acfca67a-074a-451d-a853-24d4d8c90d3f', 'App\\Notifications\\NewReservationRequest', 'App\\Models\\User', '1', '{\"reservation_id\":17,\"message\":\"New reservation request from gobi\",\"action_url\":\"http:\\/\\/127.0.0.1:8000\\/admin\\/reservations\",\"type\":\"new_reservation\"}', '2026-01-25 15:53:06', '2026-01-25 15:52:45', '2026-01-25 15:53:06');
INSERT INTO `notifications` (`id`, `type`, `notifiable_type`, `notifiable_id`, `data`, `read_at`, `created_at`, `updated_at`) VALUES ('7e372fd0-2779-4fb0-b516-34b9d7778764', 'App\\Notifications\\NewReservationRequest', 'App\\Models\\User', '11', '{\"reservation_id\":17,\"message\":\"New reservation request from gobi\",\"action_url\":\"http:\\/\\/127.0.0.1:8000\\/admin\\/reservations\",\"type\":\"new_reservation\"}', NULL, '2026-01-25 15:52:45', '2026-01-25 15:52:45');
INSERT INTO `notifications` (`id`, `type`, `notifiable_type`, `notifiable_id`, `data`, `read_at`, `created_at`, `updated_at`) VALUES ('72fdcdef-bc91-4552-84ac-b3019099d816', 'App\\Notifications\\NewReservationRequest', 'App\\Models\\User', '12', '{\"reservation_id\":17,\"message\":\"New reservation request from gobi\",\"action_url\":\"http:\\/\\/127.0.0.1:8000\\/admin\\/reservations\",\"type\":\"new_reservation\"}', NULL, '2026-01-25 15:52:45', '2026-01-25 15:52:45');
INSERT INTO `notifications` (`id`, `type`, `notifiable_type`, `notifiable_id`, `data`, `read_at`, `created_at`, `updated_at`) VALUES ('f0b2a2cb-5942-4f14-b012-79d2c7a652c4', 'App\\Notifications\\NewReservationRequest', 'App\\Models\\User', '1', '{\"reservation_id\":18,\"message\":\"New reservation request from gobi krishna\",\"action_url\":\"http:\\/\\/127.0.0.1:8000\\/admin\\/reservations\",\"type\":\"new_reservation\"}', NULL, '2026-01-25 16:20:00', '2026-01-25 16:20:00');
INSERT INTO `notifications` (`id`, `type`, `notifiable_type`, `notifiable_id`, `data`, `read_at`, `created_at`, `updated_at`) VALUES ('48abd579-610d-481c-9852-55c9c5a84803', 'App\\Notifications\\NewReservationRequest', 'App\\Models\\User', '11', '{\"reservation_id\":18,\"message\":\"New reservation request from gobi krishna\",\"action_url\":\"http:\\/\\/127.0.0.1:8000\\/admin\\/reservations\",\"type\":\"new_reservation\"}', NULL, '2026-01-25 16:20:00', '2026-01-25 16:20:00');
INSERT INTO `notifications` (`id`, `type`, `notifiable_type`, `notifiable_id`, `data`, `read_at`, `created_at`, `updated_at`) VALUES ('ddd2ec39-e6f9-4470-b069-05e01a6bdf2b', 'App\\Notifications\\NewReservationRequest', 'App\\Models\\User', '12', '{\"reservation_id\":18,\"message\":\"New reservation request from gobi krishna\",\"action_url\":\"http:\\/\\/127.0.0.1:8000\\/admin\\/reservations\",\"type\":\"new_reservation\"}', NULL, '2026-01-25 16:20:00', '2026-01-25 16:20:00');
INSERT INTO `notifications` (`id`, `type`, `notifiable_type`, `notifiable_id`, `data`, `read_at`, `created_at`, `updated_at`) VALUES ('85f92d66-374f-4f6b-913a-0706c0eafe87', 'App\\Notifications\\DiscountSuggested', 'App\\Models\\User', '1', '{\"reservation_id\":18,\"message\":\"New discount suggestion: 3% for gobi krishna\",\"action_url\":\"http:\\/\\/127.0.0.1:8000\\/admin\\/reservations\",\"type\":\"suggestion\"}', NULL, '2026-01-25 16:20:23', '2026-01-25 16:20:23');
INSERT INTO `notifications` (`id`, `type`, `notifiable_type`, `notifiable_id`, `data`, `read_at`, `created_at`, `updated_at`) VALUES ('a10c2ef6-a294-4914-bb45-bf5fd3e8755c', 'App\\Notifications\\DiscountDecision', 'App\\Models\\User', '11', '{\"reservation_id\":18,\"message\":\"Discount approved: gobi krishna\",\"action_url\":\"http:\\/\\/127.0.0.1:8000\\/admin\\/reservations\",\"type\":\"decision\",\"status\":\"approved\"}', NULL, '2026-01-25 16:20:56', '2026-01-25 16:20:56');
INSERT INTO `notifications` (`id`, `type`, `notifiable_type`, `notifiable_id`, `data`, `read_at`, `created_at`, `updated_at`) VALUES ('856234cc-00e4-479d-950b-a75bfa291877', 'App\\Notifications\\NewReservationRequest', 'App\\Models\\User', '1', '{\"reservation_id\":19,\"message\":\"New reservation request from gobi krishna\",\"action_url\":\"http:\\/\\/127.0.0.1:8000\\/admin\\/reservations\",\"type\":\"new_reservation\"}', '2026-01-25 16:36:35', '2026-01-25 16:36:09', '2026-01-25 16:36:35');
INSERT INTO `notifications` (`id`, `type`, `notifiable_type`, `notifiable_id`, `data`, `read_at`, `created_at`, `updated_at`) VALUES ('d7202c1f-b4c6-4667-9450-e2adbd1e34df', 'App\\Notifications\\NewReservationRequest', 'App\\Models\\User', '11', '{\"reservation_id\":19,\"message\":\"New reservation request from gobi krishna\",\"action_url\":\"http:\\/\\/127.0.0.1:8000\\/admin\\/reservations\",\"type\":\"new_reservation\"}', NULL, '2026-01-25 16:36:09', '2026-01-25 16:36:09');
INSERT INTO `notifications` (`id`, `type`, `notifiable_type`, `notifiable_id`, `data`, `read_at`, `created_at`, `updated_at`) VALUES ('e9d7020a-b141-42a7-9d55-46b8e119dc66', 'App\\Notifications\\NewReservationRequest', 'App\\Models\\User', '12', '{\"reservation_id\":19,\"message\":\"New reservation request from gobi krishna\",\"action_url\":\"http:\\/\\/127.0.0.1:8000\\/admin\\/reservations\",\"type\":\"new_reservation\"}', NULL, '2026-01-25 16:36:09', '2026-01-25 16:36:09');
INSERT INTO `notifications` (`id`, `type`, `notifiable_type`, `notifiable_id`, `data`, `read_at`, `created_at`, `updated_at`) VALUES ('d5a61e53-b72c-4d14-b4d9-385b34c3f9cf', 'App\\Notifications\\NewReservationRequest', 'App\\Models\\User', '1', '{\"reservation_id\":20,\"message\":\"New reservation request from gobi\",\"action_url\":\"http:\\/\\/127.0.0.1:8000\\/admin\\/reservations\",\"type\":\"new_reservation\"}', '2026-01-26 01:57:00', '2026-01-26 01:55:59', '2026-01-26 01:57:00');
INSERT INTO `notifications` (`id`, `type`, `notifiable_type`, `notifiable_id`, `data`, `read_at`, `created_at`, `updated_at`) VALUES ('93c8caed-a184-4adf-8fd0-1809c33fe92b', 'App\\Notifications\\NewReservationRequest', 'App\\Models\\User', '11', '{\"reservation_id\":20,\"message\":\"New reservation request from gobi\",\"action_url\":\"http:\\/\\/127.0.0.1:8000\\/admin\\/reservations\",\"type\":\"new_reservation\"}', NULL, '2026-01-26 01:55:59', '2026-01-26 01:55:59');
INSERT INTO `notifications` (`id`, `type`, `notifiable_type`, `notifiable_id`, `data`, `read_at`, `created_at`, `updated_at`) VALUES ('e16c0acd-0f34-455d-93c6-c24a8218a2c0', 'App\\Notifications\\NewReservationRequest', 'App\\Models\\User', '12', '{\"reservation_id\":20,\"message\":\"New reservation request from gobi\",\"action_url\":\"http:\\/\\/127.0.0.1:8000\\/admin\\/reservations\",\"type\":\"new_reservation\"}', NULL, '2026-01-26 01:55:59', '2026-01-26 01:55:59');

-- Structure for table `event_bookings` --
DROP TABLE IF EXISTS `event_bookings`;
CREATE TABLE `event_bookings` (`id` int(11) NOT NULL AUTO_INCREMENT PRIMARY KEY not null, `customer_name` varchar(255) not null, `customer_email` varchar(255) not null, `customer_phone` varchar(255) not null, `event_type` varchar(255) not null, `event_date` date not null, `start_time` time not null, `end_time` time not null, `guests` integer not null, `message` longtext, `status` varchar(255) not null default ('pending'), `total_price` decimal(15,2), `created_at` timestamp NULL DEFAULT NULL, `updated_at` timestamp NULL DEFAULT NULL, `invoice_print_count` integer not null default ('0'), `invoice_reprint_status` varchar(255) not null default ('none'), `discount_percentage` decimal(15,2) not null default '0', `discount_status` varchar(255) check (`discount_status` in ('none', 'pending', 'approved', 'rejected')) not null default 'none', `discount_approved_by` integer, `conflict_status` varchar(255) check (`conflict_status` in ('none', 'requested', 'approved', 'rejected')) not null default 'none', `tax_percentage` decimal(15,2) not null default '0', `tax_amount` decimal(15,2) not null default '0', foreign key(`discount_approved_by`) references `users`(`id`) on delete set null);

-- Data for table `event_bookings` --
INSERT INTO `event_bookings` (`id`, `customer_name`, `customer_email`, `customer_phone`, `event_type`, `event_date`, `start_time`, `end_time`, `guests`, `message`, `status`, `total_price`, `created_at`, `updated_at`, `invoice_print_count`, `invoice_reprint_status`, `discount_percentage`, `discount_status`, `discount_approved_by`, `conflict_status`, `tax_percentage`, `tax_amount`) VALUES ('1', 'ggg', 'gg@gmail.com', '0766666', 'Wedding', '2026-01-17 00:00:00', '05:55', '07:07', '66', 't', 'approved', '56546', '2026-01-17 12:27:21', '2026-01-17 13:37:00', '1', 'none', '0', 'none', NULL, 'none', '0', '0');
INSERT INTO `event_bookings` (`id`, `customer_name`, `customer_email`, `customer_phone`, `event_type`, `event_date`, `start_time`, `end_time`, `guests`, `message`, `status`, `total_price`, `created_at`, `updated_at`, `invoice_print_count`, `invoice_reprint_status`, `discount_percentage`, `discount_status`, `discount_approved_by`, `conflict_status`, `tax_percentage`, `tax_amount`) VALUES ('2', 'ggg', 'gg@gmail.com', '0766666', 'Party', '2026-01-20 00:00:00', '06:08', '09:09', '77', 'mnm', 'pending', '888888', '2026-01-17 13:35:59', '2026-01-17 13:35:59', '0', 'none', '0', 'none', NULL, 'none', '0', '0');
INSERT INTO `event_bookings` (`id`, `customer_name`, `customer_email`, `customer_phone`, `event_type`, `event_date`, `start_time`, `end_time`, `guests`, `message`, `status`, `total_price`, `created_at`, `updated_at`, `invoice_print_count`, `invoice_reprint_status`, `discount_percentage`, `discount_status`, `discount_approved_by`, `conflict_status`, `tax_percentage`, `tax_amount`) VALUES ('3', 'yy', 'yyy@gmail.com', '77777', 'Party', '2026-01-22 00:00:00', '08:08', '16:08', '888', 'fgtd', 'pending', '888888', '2026-01-17 13:41:02', '2026-01-17 13:41:02', '0', 'none', '0', 'none', NULL, 'none', '0', '0');
INSERT INTO `event_bookings` (`id`, `customer_name`, `customer_email`, `customer_phone`, `event_type`, `event_date`, `start_time`, `end_time`, `guests`, `message`, `status`, `total_price`, `created_at`, `updated_at`, `invoice_print_count`, `invoice_reprint_status`, `discount_percentage`, `discount_status`, `discount_approved_by`, `conflict_status`, `tax_percentage`, `tax_amount`) VALUES ('4', 'gobi krishna', 'g2k2@live.com', '0766383402', 'Wedding', '2026-01-17 00:00:00', '05:55', '06:06', '66', NULL, 'approved', '777', '2026-01-17 13:46:29', '2026-01-17 14:31:09', '3', 'approved', '22', 'rejected', '1', 'none', '0', '0');
INSERT INTO `event_bookings` (`id`, `customer_name`, `customer_email`, `customer_phone`, `event_type`, `event_date`, `start_time`, `end_time`, `guests`, `message`, `status`, `total_price`, `created_at`, `updated_at`, `invoice_print_count`, `invoice_reprint_status`, `discount_percentage`, `discount_status`, `discount_approved_by`, `conflict_status`, `tax_percentage`, `tax_amount`) VALUES ('5', 'gobi krishna', 'g2k2@live.com', '0766383402', 'Party', '2026-01-17 00:00:00', '05:55', '06:06', '666', NULL, 'pending', '55555', '2026-01-17 14:23:39', '2026-01-17 14:53:57', '0', 'none', '0', 'none', NULL, 'requested', '0', '0');
INSERT INTO `event_bookings` (`id`, `customer_name`, `customer_email`, `customer_phone`, `event_type`, `event_date`, `start_time`, `end_time`, `guests`, `message`, `status`, `total_price`, `created_at`, `updated_at`, `invoice_print_count`, `invoice_reprint_status`, `discount_percentage`, `discount_status`, `discount_approved_by`, `conflict_status`, `tax_percentage`, `tax_amount`) VALUES ('6', 'gobi krishna', 'g2k2@live.com', '0766383402', 'Corporate', '2026-01-17 00:00:00', '05:55', '06:55', '66', 'gfggfgfgfgf', 'approved', '66666666', '2026-01-17 14:32:08', '2026-01-25 11:37:14', '0', 'none', '0', 'none', NULL, 'approved', '0', '0');
INSERT INTO `event_bookings` (`id`, `customer_name`, `customer_email`, `customer_phone`, `event_type`, `event_date`, `start_time`, `end_time`, `guests`, `message`, `status`, `total_price`, `created_at`, `updated_at`, `invoice_print_count`, `invoice_reprint_status`, `discount_percentage`, `discount_status`, `discount_approved_by`, `conflict_status`, `tax_percentage`, `tax_amount`) VALUES ('7', 'gobi krishna', 'g2k2@live.com', '0766383402', 'Wedding', '2026-01-17 00:00:00', '05:55', '06:06', '77', 'fgf', 'approved', '55555', '2026-01-17 14:43:37', '2026-01-25 11:52:05', '1', 'requested', '0', 'none', NULL, 'approved', '0', '0');
INSERT INTO `event_bookings` (`id`, `customer_name`, `customer_email`, `customer_phone`, `event_type`, `event_date`, `start_time`, `end_time`, `guests`, `message`, `status`, `total_price`, `created_at`, `updated_at`, `invoice_print_count`, `invoice_reprint_status`, `discount_percentage`, `discount_status`, `discount_approved_by`, `conflict_status`, `tax_percentage`, `tax_amount`) VALUES ('8', 'Test Check', 'test@example.com', '1234567890', 'Wedding', '2026-01-20 00:00:00', '10:00', '12:00', '2', NULL, 'pending', NULL, '2026-01-19 05:56:03', '2026-01-19 05:56:03', '0', 'none', '0', 'none', NULL, 'none', '0', '0');

-- Structure for table `home_events` --
DROP TABLE IF EXISTS `home_events`;
CREATE TABLE `home_events` (`id` int(11) NOT NULL AUTO_INCREMENT PRIMARY KEY not null, `title` varchar(255) not null, `description` longtext, `image_path` varchar(255), `icon` varchar(255) not null default 'heart', `sort_order` integer not null default '0', `created_at` timestamp NULL DEFAULT NULL, `updated_at` timestamp NULL DEFAULT NULL);

-- Data for table `home_events` --
INSERT INTO `home_events` (`id`, `title`, `description`, `image_path`, `icon`, `sort_order`, `created_at`, `updated_at`) VALUES ('1', 'Weddings', 'Say \"I do\" amidst blooming frangipanis and colonial elegance. We curate intimate unions that become timeless memories.', 'images/wedding_event_rosevilla.png', 'heart', '1', '2026-01-25 02:15:38', '2026-01-25 02:15:38');
INSERT INTO `home_events` (`id`, `title`, `description`, `image_path`, `icon`, `sort_order`, `created_at`, `updated_at`) VALUES ('2', 'Corporate', 'Inspire your team in a sanctuary of calm. Our spaces are tailored for focused leadership retreats and strategy sessions.', 'images/corporate_event_rosevilla.png', 'building', '2', '2026-01-25 02:15:38', '2026-01-25 02:15:38');
INSERT INTO `home_events` (`id`, `title`, `description`, `image_path`, `icon`, `sort_order`, `created_at`, `updated_at`) VALUES ('3', 'Private Dining', 'Experience curated culinary journeys under the stars. Authentic Jaffna flavors served with our signature grace.', 'images/private_dining_rosevilla.png', 'cake', '3', '2026-01-25 02:15:38', '2026-01-25 02:15:38');

SET FOREIGN_KEY_CHECKS=1;
